-- phpMyAdmin SQL Dump
-- version 4.8.3
-- https://www.phpmyadmin.net/
--
-- Host: 127.0.0.1
-- Waktu pembuatan: 06 Apr 2019 pada 19.27
-- Versi server: 10.1.36-MariaDB
-- Versi PHP: 7.2.10

SET SQL_MODE = "NO_AUTO_VALUE_ON_ZERO";
SET AUTOCOMMIT = 0;
START TRANSACTION;
SET time_zone = "+00:00";


/*!40101 SET @OLD_CHARACTER_SET_CLIENT=@@CHARACTER_SET_CLIENT */;
/*!40101 SET @OLD_CHARACTER_SET_RESULTS=@@CHARACTER_SET_RESULTS */;
/*!40101 SET @OLD_COLLATION_CONNECTION=@@COLLATION_CONNECTION */;
/*!40101 SET NAMES utf8mb4 */;

--
-- Database: `laboratorium`
--

-- --------------------------------------------------------

--
-- Struktur dari tabel `admins`
--

CREATE TABLE `admins` (
  `username` varchar(50) NOT NULL,
  `password` varchar(255) CHARACTER SET latin1 COLLATE latin1_general_ci NOT NULL,
  `nama_lengkap` varchar(100) CHARACTER SET latin1 COLLATE latin1_general_ci NOT NULL,
  `level` varchar(20) NOT NULL,
  `blokir` enum('Y','N') NOT NULL DEFAULT 'N',
  `foto` varchar(50) NOT NULL,
  `id_session` varchar(255) NOT NULL
) ENGINE=InnoDB DEFAULT CHARSET=latin1;

--
-- Dumping data untuk tabel `admins`
--

INSERT INTO `admins` (`username`, `password`, `nama_lengkap`, `level`, `blokir`, `foto`, `id_session`) VALUES
('administrator', '$2y$10$oOFauV/MKZD.6sVP30XPGecz2QlYzXXDiKMNIZOvQO1jepDHui2bq', 'Admin', '01', 'N', 'IMG-f10a.jpg', '$2y$10$TeEorLdkSaQMgc.SNXFfNewAEvTEARJ5e5YloElryENDHvIoALtxq'),
('adminlaborat', '$2y$10$qr2/DGFTfRO/smh0D3AcJuHB8sL9eTIhJfbpwmyPb7.Og2awS/xMC', 'Hilda', '02', 'N', '2.jpg', '$2y$10$NXSta7.hzfe2ew/IJHJd2uFkRDpjqmFIVvxG8u8wgWtkZoudNW/dW'),
('kasir1', '$2y$10$Ig0dk3a4fRwZbPN5jiCHPOMYim7AN2/Zdz9.oEVuDCUYG9g5f3dJa', 'ana', '03', 'N', '51.jpg', '$2y$10$xut6WMVMIHfnDw5ZBdemEO9qkrWt5du9DDZgeQnidxVgWvrB5bP4a');

-- --------------------------------------------------------

--
-- Struktur dari tabel `antrian`
--

CREATE TABLE `antrian` (
  `kode_barcode` varchar(255) NOT NULL,
  `no_antrian` varchar(20) NOT NULL,
  `tgl_antrian` date NOT NULL,
  `tempo` date NOT NULL,
  `status` char(1) NOT NULL
) ENGINE=InnoDB DEFAULT CHARSET=latin1;

--
-- Dumping data untuk tabel `antrian`
--

INSERT INTO `antrian` (`kode_barcode`, `no_antrian`, `tgl_antrian`, `tempo`, `status`) VALUES
('BR38073101', '002', '2019-04-07', '2019-04-07', '2'),
('BR39568002', '001', '2019-04-07', '2019-04-07', '2'),
('BR58659901', '004', '2019-04-07', '2019-04-07', '2'),
('BR85170601', '003', '2019-04-07', '2019-04-07', '2');

-- --------------------------------------------------------

--
-- Struktur dari tabel `ci_sessions`
--

CREATE TABLE `ci_sessions` (
  `session_id` varchar(40) NOT NULL DEFAULT '0',
  `ip_address` varchar(45) NOT NULL DEFAULT '0',
  `user_agent` varchar(120) NOT NULL,
  `last_activity` int(10) UNSIGNED NOT NULL DEFAULT '0',
  `user_data` text NOT NULL
) ENGINE=InnoDB DEFAULT CHARSET=latin1;

--
-- Dumping data untuk tabel `ci_sessions`
--

INSERT INTO `ci_sessions` (`session_id`, `ip_address`, `user_agent`, `last_activity`, `user_data`) VALUES
('ceec3a9c9dcca5621d4b6eea8c853ae6', '127.0.0.1', 'Mozilla/5.0 (Windows NT 6.1) AppleWebKit/537.36 (KHTML, like Gecko) Chrome/64.0.3282.167 Safari/537.36', 1518776398, 'a:7:{s:9:\"user_data\";s:0:\"\";s:9:\"logged_in\";s:13:\"aingLoginYeuh\";s:2:\"id\";N;s:8:\"username\";s:13:\"administrator\";s:12:\"nama_lengkap\";s:5:\"Owner\";s:4:\"foto\";s:12:\"IMG-f10a.jpg\";s:5:\"level\";s:2:\"01\";}');

-- --------------------------------------------------------

--
-- Struktur dari tabel `config`
--

CREATE TABLE `config` (
  `id` int(11) NOT NULL,
  `instansi` varchar(50) NOT NULL,
  `telp` text NOT NULL,
  `alamat` varchar(255) NOT NULL,
  `email` varchar(50) NOT NULL,
  `website` varchar(50) NOT NULL,
  `aplikasi` varchar(255) NOT NULL,
  `usaha` varchar(255) NOT NULL,
  `author` varchar(50) NOT NULL
) ENGINE=InnoDB DEFAULT CHARSET=latin1;

--
-- Dumping data untuk tabel `config`
--

INSERT INTO `config` (`id`, `instansi`, `telp`, `alamat`, `email`, `website`, `aplikasi`, `usaha`, `author`) VALUES
(1, 'RS Poltekkes Jogja', '085747875865', 'Jl. Godean KM 3 Banyuraden Gamping Sleman', 'cs@bangipin.com', 'bangipin.com', 'Laboratorium Poltekkes', 'Pemeriksaan Laboratorium RS Poltekkes Yogyakarta', 'admin');

-- --------------------------------------------------------

--
-- Struktur dari tabel `diagnosa`
--

CREATE TABLE `diagnosa` (
  `id_diagnosa` int(11) NOT NULL,
  `nama_diagnosa` varchar(100) NOT NULL,
  `tarif` decimal(15,0) NOT NULL
) ENGINE=InnoDB DEFAULT CHARSET=latin1;

--
-- Dumping data untuk tabel `diagnosa`
--

INSERT INTO `diagnosa` (`id_diagnosa`, `nama_diagnosa`, `tarif`) VALUES
(1, 'Darah Rutin', '0'),
(2, 'BT', '0'),
(4, 'CT', '0'),
(5, 'Golongan Darah', '0'),
(6, 'Malaria', '0'),
(7, 'Hermatologi Lengkap', '0'),
(8, 'Retikulosit', '0'),
(9, 'Gol Darah Rhesus', '0'),
(10, 'Fall Hemotasis', '0'),
(11, 'PPT', '0'),
(12, 'KPTT/APTT', '0'),
(13, 'INR', '0'),
(14, 'D-Dimer', '0'),
(15, 'Ferritin', '0'),
(16, 'Transferin', '0'),
(17, 'Coombs Direct', '0'),
(18, 'Coombs Indirect', '0'),
(19, 'HBF(ALK Denaturasi)', '0'),
(20, 'Rumpel Leede', '0'),
(21, 'Limposit Plasma Biri', '0'),
(22, 'Rumpel Leede', '0'),
(23, 'Limfosit Plasma Biri', '0'),
(24, 'Limfosit Absolut', '0'),
(25, 'Serum Besi', '0'),
(26, 'TIBC', '0'),
(27, 'Urin Rutin', '0'),
(28, 'Protein Esbach', '0'),
(29, 'Protein Bence Jones', '0'),
(30, 'Morfologi Darah Tepi', '0'),
(31, 'HB Electrophoresis', '0'),
(32, 'NATRIUM', '0'),
(33, 'KALIUM', '0'),
(34, 'CHLORIDA', '0'),
(35, 'MAGNESIUM', '0'),
(36, 'AMPHETAMINE', '0'),
(37, 'METAMPHETAMINE', '0'),
(38, 'COCCAIN', '0'),
(39, 'CANNAABINOID/THC', '0'),
(40, 'OPIATE/MORFIN', '0'),
(41, 'BENZODIAZEPINE', '0'),
(42, 'T-3', '0'),
(43, 'T-4', '0'),
(44, 'TSH-S', '0'),
(45, 'FREE T-3', '0'),
(46, 'FREE T-4', '0'),
(47, 'LH', '0'),
(48, 'FSH', '0'),
(49, 'TESTOSTERON', '0'),
(50, 'ESTRADIOL', '0'),
(51, 'B-HCG KUANTITATIF', '0'),
(52, 'TES HCG URINE', '0'),
(53, 'URINALISA', '0'),
(54, 'WARNA', '0'),
(55, 'KEKERUHAN', '0'),
(56, 'PH', '0'),
(57, 'BERAT JENIS', '0'),
(58, 'LEKOSIT', '0'),
(59, 'ERITROSIT', '0'),
(60, 'NITRIT', '0'),
(61, 'PROTEIN', '0'),
(62, 'REDUKSI', '0'),
(63, 'KETON', '0'),
(64, 'UROBILINOGEN', '0'),
(65, 'BILIRUBIN', '0'),
(66, 'SEDIMEN URINE', '0'),
(67, 'LEKOSIT', '0'),
(68, 'EPITEL', '0'),
(69, 'KRISTAL', '0'),
(70, 'CYLINDER', '0'),
(71, 'SEDIMEN', '0'),
(72, 'LEKOSIT GELAP', '0'),
(73, 'LEKOSIT PUCAT', '0'),
(74, 'CA. OKSALAT', '0'),
(75, 'TRI PROSPAT', '0'),
(76, 'ASAM URAT', '0'),
(77, 'AMN. URAT', '0'),
(78, 'AMORF', '0'),
(79, 'SIL. HILAIN', '0'),
(80, 'SIL. GRANULER', '0'),
(81, 'SIL. LEKOSIT', '0'),
(82, 'SIL. ERITROSIT', '0'),
(83, 'SIL. EPITEL', '0'),
(84, 'SEL RAGI', '0'),
(85, 'TRIKOMONAS', '0'),
(86, 'FAECES RUTIN', '0'),
(87, 'TELUR', '0'),
(88, 'ASKARIS', '0'),
(89, 'ANKILOSTOMA', '0'),
(90, 'TRICHURIS', '0'),
(91, 'OKSIURIS', '0'),
(92, 'BUTIR AMILIUM', '0'),
(93, 'BUTIR LEMAK', '0'),
(94, 'SISA TUMBUHAN', '0'),
(95, 'SISA DAGING', '0'),
(96, 'AMUBA', '0'),
(97, 'DRH. SAMAR FAECES', '0'),
(98, 'GD UMUM', '0'),
(99, 'GD SEWAKTU', '0'),
(100, 'GD PUASA', '0'),
(101, 'GD SEWAKTU', '0'),
(102, 'GD 2 JAM PP', '0'),
(103, 'UREUM', '0'),
(104, 'CREATININ', '0'),
(105, 'URIC ACID', '0'),
(106, 'TRIGLISERID', '0'),
(107, 'CHOLESTEROL TOT', '0'),
(108, 'HDL CHOLESTEROL', '0'),
(109, 'LDL CHOLESTEROL', '0'),
(110, 'SGOT', '0'),
(111, 'SGPT', '0'),
(112, 'BILIRUBIN TOT', '0'),
(113, 'DIRECT', '0'),
(114, 'INDIRECT', '0'),
(115, 'G_GT', '0'),
(116, 'FOSFATAS ALKALI', '0'),
(117, 'CHOLISNESTERASE', '0'),
(118, 'ALBUMIN', '0'),
(119, 'GLOBULIN', '0'),
(120, 'TOTAL PROTEIN', '0'),
(121, 'LDL CHOL DIRECT', '0'),
(122, 'HBA 1C', '0'),
(123, 'CK', '0'),
(124, 'CK_MB', '0'),
(125, 'LDH', '0'),
(126, 'TROPONIN 1', '0'),
(127, 'AMYLASE', '0'),
(128, 'LIPASE', '0'),
(129, 'RATIO ALB/GLOB', '0'),
(130, 'TOTAL LIPID', '0'),
(131, 'WIDAL', '0'),
(132, 'S TIPHI O', '0'),
(133, 'S TIPHI H', '0'),
(134, 'HBSAG', '0'),
(135, 'TES KEHAMILAN', '0'),
(136, 'HBSAG KUATITATIF', '0'),
(137, 'ANTI HBS', '0'),
(138, 'ANTI HBS (TITTER)', '0'),
(139, 'ANTI HBE', '0'),
(140, 'IGM ANTI HHBC', '0'),
(141, 'HBE AG', '0'),
(142, 'aNTI hAV tOTAL', '0'),
(143, 'IGM ANTI HAV', '0'),
(144, 'ANTI HCV', '0'),
(145, 'IGM ANTI HCV', '0'),
(146, 'HCV AG', '0'),
(147, 'TORCH', '0'),
(148, 'IGM TOXOPLASMA', '0'),
(149, 'IGG TOXOPLASMA', '0'),
(150, 'TOXO IGG AVIDITY', '0'),
(151, 'IGM ANTI RUBELLA', '0'),
(152, 'IGG ANTI RUBELLA', '0'),
(153, 'IGM ANTI CMV', '0'),
(154, 'IGG ANTI CMV', '0'),
(155, 'CMV IGG AVIDITY', '0'),
(156, 'ANTIGENIMIA CMV', '0'),
(157, 'IGM ANTI HSV2', '0'),
(158, 'IGG ANTI HSV2', '0'),
(159, 'IGM ANTI HSV1', '0'),
(160, 'IGG ANTI HSV1', '0'),
(161, 'IGM CHLAMYDIA', '0'),
(162, 'IGG CHLAMIDYA', '0'),
(163, 'TPHA', '0'),
(164, 'TPHA SEMI KUANTITATIF', '0'),
(165, 'VDRL KUALITATIF', '0'),
(166, 'VDRL SEMI KUALITATIF', '0'),
(167, 'HIV AG/AB', '0'),
(168, 'ANTI HIV-1/2 BIOLINE', '0'),
(169, 'RA KUALITATIF', '0'),
(170, 'ROSE WAALER', '0'),
(171, 'CRP KUALITATIF', '0'),
(172, 'CRP KUANTITATIF', '0'),
(173, 'ASTO SEMI KUANTITATIF', '0'),
(174, 'ANA TEST', '0'),
(175, 'ANTI DS-DNA', '0'),
(176, 'CD4', '0'),
(177, 'CD8', '0'),
(178, 'HS_CRP', '0'),
(179, 'ANTI_CCP', '0'),
(180, 'DENGUE RAPID', '0'),
(181, 'IGM DENGUE', '0'),
(182, 'IGG DENGUE', '0'),
(183, 'ANTI MYCOBACT. TBC', '0'),
(184, 'ICT MALARIA P.V/P.F', '0'),
(185, 'LEPTOSPIRA RAPID', '0'),
(186, 'IGM LEPTOSPIRA ELISA', '0'),
(187, 'S.TYPE IGM (IMBI)/ TUBEX TF', '0'),
(188, 'NS1 AG', '0'),
(189, 'AFP', '0'),
(190, 'CEA', '0'),
(191, 'P.S.A TOTAL', '0'),
(192, 'FREE P.S.A', '0'),
(193, 'CA 15-3', '0'),
(194, 'CA 19-9', '0'),
(195, 'CA-125', '0'),
(196, 'ANTI HBC', '0'),
(197, 'TES ALKOHOL (EKRENIO)', '0'),
(198, 'ALKOHOL', '0'),
(199, 'ALKOHOL KUANTITATIF', '0'),
(200, 'PPD (MANITHOX TEST)', '0'),
(201, 'ANALISA BATU GINJAL', '0'),
(202, 'ANALISA CAIRAN', '0'),
(203, 'LAIN-LAIN', '0'),
(204, 'ZAT RACUN', '26000');

-- --------------------------------------------------------

--
-- Struktur dari tabel `dokter`
--

CREATE TABLE `dokter` (
  `id_dokter` int(11) NOT NULL,
  `nama_dokter` varchar(100) NOT NULL
) ENGINE=InnoDB DEFAULT CHARSET=latin1;

--
-- Dumping data untuk tabel `dokter`
--

INSERT INTO `dokter` (`id_dokter`, `nama_dokter`) VALUES
(1, 'DR. RAHMAT'),
(2, 'DR. RANO'),
(3, 'DR. LILY'),
(6, 'DR.ZANU');

-- --------------------------------------------------------

--
-- Struktur dari tabel `d_hasil`
--

CREATE TABLE `d_hasil` (
  `id` smallint(11) NOT NULL,
  `kode_periksa` varchar(100) NOT NULL,
  `pasien` varchar(255) NOT NULL,
  `alamat` varchar(255) NOT NULL,
  `tgl_lahir` date NOT NULL,
  `gender` varchar(100) NOT NULL,
  `id_diagnosa` int(11) NOT NULL,
  `hasil` varchar(255) NOT NULL,
  `catatan` varchar(1000) NOT NULL,
  `tarif` double(10,0) NOT NULL
) ENGINE=InnoDB DEFAULT CHARSET=latin1;

--
-- Dumping data untuk tabel `d_hasil`
--

INSERT INTO `d_hasil` (`id`, `kode_periksa`, `pasien`, `alamat`, `tgl_lahir`, `gender`, `id_diagnosa`, `hasil`, `catatan`, `tarif`) VALUES
(1, 'LB00001', 'Yuda', 'Lemahdadi Kasihan', '1999-04-17', 'Laki-Laki', 54, 'NEGATIF', 'NEGATIF', 0),
(2, 'LB00001', 'Yuda', 'Lemahdadi Kasihan', '1999-04-17', 'Laki-Laki', 204, 'NEGATIF', 'NEGATIF', 26000),
(3, 'LB00002', 'Zah Rahan', 'araerwr', '2000-04-01', 'Laki-Laki', 198, 'NEGATIF', 'NEGATIF', 0),
(4, 'LB00004', 'Diana Pungki', 'Kedunggalar Ngawi', '2000-04-16', 'Perempuan', 160, 'NEGATIF', 'NEGATIF', 0),
(5, 'LB00004', 'Diana Pungki', 'Kedunggalar Ngawi', '2000-04-16', 'Perempuan', 158, 'NEGATIF', 'NEGATIF', 0),
(6, 'LB00003', 'Ipin', 'Lemahdadi bangunjiwo kasihan bantul', '1990-04-22', 'Laki-Laki', 204, 'NEGATIF', 'NEGATIF', 26000);

-- --------------------------------------------------------

--
-- Struktur dari tabel `hasil`
--

CREATE TABLE `hasil` (
  `kode_periksa` varchar(100) NOT NULL,
  `tgl_periksa` date NOT NULL,
  `id_dokter` int(11) NOT NULL,
  `kode_barcode` varchar(255) NOT NULL
) ENGINE=InnoDB DEFAULT CHARSET=latin1;

--
-- Dumping data untuk tabel `hasil`
--

INSERT INTO `hasil` (`kode_periksa`, `tgl_periksa`, `id_dokter`, `kode_barcode`) VALUES
('LB00001', '2019-04-07', 6, 'BR39568002'),
('LB00002', '2019-04-07', 6, 'BR38073101'),
('LB00003', '2019-04-07', 6, 'BR85170601'),
('LB00004', '2019-04-07', 6, 'BR58659901');

-- --------------------------------------------------------

--
-- Struktur dari tabel `h_antrian`
--

CREATE TABLE `h_antrian` (
  `no` int(11) NOT NULL,
  `kode_barcode` varchar(255) NOT NULL,
  `no_antrian` varchar(100) NOT NULL,
  `tgl_antrian` date NOT NULL,
  `tempo` date NOT NULL,
  `status` char(1) NOT NULL
) ENGINE=InnoDB DEFAULT CHARSET=latin1;

--
-- Dumping data untuk tabel `h_antrian`
--

INSERT INTO `h_antrian` (`no`, `kode_barcode`, `no_antrian`, `tgl_antrian`, `tempo`, `status`) VALUES
(1, 'BR38073101', '001', '2019-04-06', '2019-04-06', '2'),
(2, 'BR85170601', '002', '2019-04-06', '2019-04-06', '2'),
(3, 'BR39568002', '001', '2019-04-07', '2019-04-07', '2'),
(4, 'BR38073101', '002', '2019-04-07', '2019-04-07', '2'),
(5, 'BR85170601', '003', '2019-04-07', '2019-04-07', '2'),
(6, 'BR58659901', '004', '2019-04-07', '2019-04-07', '2');

-- --------------------------------------------------------

--
-- Struktur dari tabel `level`
--

CREATE TABLE `level` (
  `id_level` char(2) NOT NULL,
  `level` char(30) NOT NULL
) ENGINE=InnoDB DEFAULT CHARSET=latin1;

--
-- Dumping data untuk tabel `level`
--

INSERT INTO `level` (`id_level`, `level`) VALUES
('01', 'Super Admin'),
('02', 'Admin'),
('03', 'Kasir');

-- --------------------------------------------------------

--
-- Struktur dari tabel `pasien`
--

CREATE TABLE `pasien` (
  `id_pasien` int(11) NOT NULL,
  `nama` varchar(255) NOT NULL,
  `alamat` varchar(500) NOT NULL,
  `tempat_lahir` varchar(255) NOT NULL,
  `tgl_lahir` date NOT NULL,
  `gender` char(1) NOT NULL,
  `telp` varchar(13) NOT NULL,
  `tgl_register` date NOT NULL,
  `status_pasien` char(1) NOT NULL DEFAULT '',
  `verifikasi` char(1) NOT NULL,
  `kode_barcode` varchar(100) NOT NULL
) ENGINE=InnoDB DEFAULT CHARSET=latin1;

--
-- Dumping data untuk tabel `pasien`
--

INSERT INTO `pasien` (`id_pasien`, `nama`, `alamat`, `tempat_lahir`, `tgl_lahir`, `gender`, `telp`, `tgl_register`, `status_pasien`, `verifikasi`, `kode_barcode`) VALUES
(1, 'Ipin', 'Lemahdadi bangunjiwo kasihan bantul', 'bantul', '1990-04-22', '1', '085747875865', '2019-04-01', '1', '1', 'BR85170601'),
(2, 'Diana Pungki', 'Kedunggalar Ngawi', 'Ngawi', '2000-04-16', '0', '987564532', '2019-04-04', '1', '1', 'BR58659901'),
(3, 'Zah Rahan', 'araerwr', 'werw', '2000-04-01', '1', '3234234234', '2019-04-06', '1', '1', 'BR38073101'),
(4, 'Yuda', 'Lemahdadi Kasihan', 'Bantul', '1999-04-17', '1', '98765434546', '2019-04-06', '1', '1', 'BR39568002'),
(5, 'Harun', 'gamping', 'sleman', '2019-04-25', '1', '234567', '2019-04-07', '1', '0', 'BR40695201');

-- --------------------------------------------------------

--
-- Struktur dari tabel `periksa`
--

CREATE TABLE `periksa` (
  `kode_periksa` varchar(100) NOT NULL,
  `kode_barcode` varchar(255) NOT NULL,
  `tgl_periksa` date NOT NULL,
  `id_dokter` int(11) NOT NULL,
  `jenis_pemeriksaan` varchar(255) NOT NULL
) ENGINE=InnoDB DEFAULT CHARSET=latin1;

--
-- Dumping data untuk tabel `periksa`
--

INSERT INTO `periksa` (`kode_periksa`, `kode_barcode`, `tgl_periksa`, `id_dokter`, `jenis_pemeriksaan`) VALUES
('LB00001', 'BR39568002', '2019-04-07', 6, '54,204'),
('LB00002', 'BR38073101', '2019-04-07', 6, '198'),
('LB00003', 'BR85170601', '2019-04-07', 6, '204'),
('LB00004', 'BR58659901', '2019-04-07', 6, '160,158');

-- --------------------------------------------------------

--
-- Struktur dari tabel `sessions`
--

CREATE TABLE `sessions` (
  `id` varchar(128) NOT NULL,
  `ip_address` varchar(45) NOT NULL,
  `timestamp` int(10) UNSIGNED NOT NULL DEFAULT '0',
  `data` blob NOT NULL
) ENGINE=InnoDB DEFAULT CHARSET=latin1;

--
-- Dumping data untuk tabel `sessions`
--

INSERT INTO `sessions` (`id`, `ip_address`, `timestamp`, `data`) VALUES
('j4os1919kgo81fuftnogmgu9ae50crm2', '::1', 1554504301, 0x5f5f63695f6c6173745f726567656e65726174657c693a313535343530343330313b6c6f676765645f696e7c733a31333a2261696e674c6f67696e59657568223b69647c4e3b757365726e616d657c733a31333a2261646d696e6973747261746f72223b6e616d615f6c656e676b61707c733a353a2241646d696e223b666f746f7c733a31323a22494d472d663130612e6a7067223b6c6576656c7c733a323a223031223b69645f73657373696f6e7c733a36303a22243279243130245465456f724c646b5361514d67632e534e5846664e6577414576544541524a356535596c6f456c7279454e444876496f414c747871223b),
('e3liai9t8f8ntgjaaq30hruegtu34e5s', '::1', 1554504643, 0x5f5f63695f6c6173745f726567656e65726174657c693a313535343530343634333b6c6f676765645f696e7c733a31333a2261696e674c6f67696e59657568223b69647c4e3b757365726e616d657c733a31333a2261646d696e6973747261746f72223b6e616d615f6c656e676b61707c733a353a2241646d696e223b666f746f7c733a31323a22494d472d663130612e6a7067223b6c6576656c7c733a323a223031223b69645f73657373696f6e7c733a36303a22243279243130245465456f724c646b5361514d67632e534e5846664e6577414576544541524a356535596c6f456c7279454e444876496f414c747871223b),
('av753d4ap5ipccl5us7pferhpi6t23nk', '::1', 1554504962, 0x5f5f63695f6c6173745f726567656e65726174657c693a313535343530343936323b6c6f676765645f696e7c733a31333a2261696e674c6f67696e59657568223b69647c4e3b757365726e616d657c733a31333a2261646d696e6973747261746f72223b6e616d615f6c656e676b61707c733a353a2241646d696e223b666f746f7c733a31323a22494d472d663130612e6a7067223b6c6576656c7c733a323a223031223b69645f73657373696f6e7c733a36303a22243279243130245465456f724c646b5361514d67632e534e5846664e6577414576544541524a356535596c6f456c7279454e444876496f414c747871223b),
('q82iospqrlad0s6cbaosqa2k057d8mrc', '::1', 1554505290, 0x5f5f63695f6c6173745f726567656e65726174657c693a313535343530353239303b6c6f676765645f696e7c733a31333a2261696e674c6f67696e59657568223b69647c4e3b757365726e616d657c733a31333a2261646d696e6973747261746f72223b6e616d615f6c656e676b61707c733a353a2241646d696e223b666f746f7c733a31323a22494d472d663130612e6a7067223b6c6576656c7c733a323a223031223b69645f73657373696f6e7c733a36303a22243279243130245465456f724c646b5361514d67632e534e5846664e6577414576544541524a356535596c6f456c7279454e444876496f414c747871223b),
('p97a4kp6i3p6d73nsv0t4ujfsu214vk5', '::1', 1554505614, 0x5f5f63695f6c6173745f726567656e65726174657c693a313535343530353631343b6c6f676765645f696e7c733a31333a2261696e674c6f67696e59657568223b69647c4e3b757365726e616d657c733a31333a2261646d696e6973747261746f72223b6e616d615f6c656e676b61707c733a353a2241646d696e223b666f746f7c733a31323a22494d472d663130612e6a7067223b6c6576656c7c733a323a223031223b69645f73657373696f6e7c733a36303a22243279243130245465456f724c646b5361514d67632e534e5846664e6577414576544541524a356535596c6f456c7279454e444876496f414c747871223b),
('brcq5fi4klbeamfulc2o7c90aodvu4tm', '::1', 1554505930, 0x5f5f63695f6c6173745f726567656e65726174657c693a313535343530353933303b6c6f676765645f696e7c733a31333a2261696e674c6f67696e59657568223b69647c4e3b757365726e616d657c733a31333a2261646d696e6973747261746f72223b6e616d615f6c656e676b61707c733a353a2241646d696e223b666f746f7c733a31323a22494d472d663130612e6a7067223b6c6576656c7c733a323a223031223b69645f73657373696f6e7c733a36303a22243279243130245465456f724c646b5361514d67632e534e5846664e6577414576544541524a356535596c6f456c7279454e444876496f414c747871223b),
('jb5jca69dgub5nbm66tvjbdphqpssa3p', '::1', 1554506290, 0x5f5f63695f6c6173745f726567656e65726174657c693a313535343530363239303b6c6f676765645f696e7c733a31333a2261696e674c6f67696e59657568223b69647c4e3b757365726e616d657c733a31333a2261646d696e6973747261746f72223b6e616d615f6c656e676b61707c733a353a2241646d696e223b666f746f7c733a31323a22494d472d663130612e6a7067223b6c6576656c7c733a323a223031223b69645f73657373696f6e7c733a36303a22243279243130245465456f724c646b5361514d67632e534e5846664e6577414576544541524a356535596c6f456c7279454e444876496f414c747871223b),
('hpgfhhbn78g0ci6b088ampjusk9h2ic9', '::1', 1554506720, 0x5f5f63695f6c6173745f726567656e65726174657c693a313535343530363732303b6c6f676765645f696e7c733a31333a2261696e674c6f67696e59657568223b69647c4e3b757365726e616d657c733a31333a2261646d696e6973747261746f72223b6e616d615f6c656e676b61707c733a353a2241646d696e223b666f746f7c733a31323a22494d472d663130612e6a7067223b6c6576656c7c733a323a223031223b69645f73657373696f6e7c733a36303a22243279243130245465456f724c646b5361514d67632e534e5846664e6577414576544541524a356535596c6f456c7279454e444876496f414c747871223b),
('089kvmi5f0cmpcv36np2tf6c3pfi1mun', '::1', 1554507031, 0x5f5f63695f6c6173745f726567656e65726174657c693a313535343530373033313b6c6f676765645f696e7c733a31333a2261696e674c6f67696e59657568223b69647c4e3b757365726e616d657c733a31333a2261646d696e6973747261746f72223b6e616d615f6c656e676b61707c733a353a2241646d696e223b666f746f7c733a31323a22494d472d663130612e6a7067223b6c6576656c7c733a323a223031223b69645f73657373696f6e7c733a36303a22243279243130245465456f724c646b5361514d67632e534e5846664e6577414576544541524a356535596c6f456c7279454e444876496f414c747871223b),
('lps1qcqbtnrn8h21ojc3sbokfftd7h4e', '::1', 1554507550, 0x5f5f63695f6c6173745f726567656e65726174657c693a313535343530373535303b6c6f676765645f696e7c733a31333a2261696e674c6f67696e59657568223b69647c4e3b757365726e616d657c733a31333a2261646d696e6973747261746f72223b6e616d615f6c656e676b61707c733a353a2241646d696e223b666f746f7c733a31323a22494d472d663130612e6a7067223b6c6576656c7c733a323a223031223b69645f73657373696f6e7c733a36303a22243279243130245465456f724c646b5361514d67632e534e5846664e6577414576544541524a356535596c6f456c7279454e444876496f414c747871223b),
('j1nhn1jlrk27l3b1dcitlvj6m4g9b0vj', '::1', 1554507900, 0x5f5f63695f6c6173745f726567656e65726174657c693a313535343530373930303b6c6f676765645f696e7c733a31333a2261696e674c6f67696e59657568223b69647c4e3b757365726e616d657c733a31333a2261646d696e6973747261746f72223b6e616d615f6c656e676b61707c733a353a2241646d696e223b666f746f7c733a31323a22494d472d663130612e6a7067223b6c6576656c7c733a323a223031223b69645f73657373696f6e7c733a36303a22243279243130245465456f724c646b5361514d67632e534e5846664e6577414576544541524a356535596c6f456c7279454e444876496f414c747871223b),
('mp8sfgpa1b8j7am89v2l56591i4m6jnq', '::1', 1554508223, 0x5f5f63695f6c6173745f726567656e65726174657c693a313535343530383232333b6c6f676765645f696e7c733a31333a2261696e674c6f67696e59657568223b69647c4e3b757365726e616d657c733a31333a2261646d696e6973747261746f72223b6e616d615f6c656e676b61707c733a353a2241646d696e223b666f746f7c733a31323a22494d472d663130612e6a7067223b6c6576656c7c733a323a223031223b69645f73657373696f6e7c733a36303a22243279243130245465456f724c646b5361514d67632e534e5846664e6577414576544541524a356535596c6f456c7279454e444876496f414c747871223b),
('k5huf4sfh9j3okovlob9go6j0b8qufh1', '::1', 1554508566, 0x5f5f63695f6c6173745f726567656e65726174657c693a313535343530383536363b6c6f676765645f696e7c733a31333a2261696e674c6f67696e59657568223b69647c4e3b757365726e616d657c733a31333a2261646d696e6973747261746f72223b6e616d615f6c656e676b61707c733a353a2241646d696e223b666f746f7c733a31323a22494d472d663130612e6a7067223b6c6576656c7c733a323a223031223b69645f73657373696f6e7c733a36303a22243279243130245465456f724c646b5361514d67632e534e5846664e6577414576544541524a356535596c6f456c7279454e444876496f414c747871223b),
('upuop2e700fm4qprvlmh772lad1t1n2q', '::1', 1554508584, 0x5f5f63695f6c6173745f726567656e65726174657c693a313535343530383536363b6c6f676765645f696e7c733a31333a2261696e674c6f67696e59657568223b69647c4e3b757365726e616d657c733a31333a2261646d696e6973747261746f72223b6e616d615f6c656e676b61707c733a353a2241646d696e223b666f746f7c733a31323a22494d472d663130612e6a7067223b6c6576656c7c733a323a223031223b69645f73657373696f6e7c733a36303a22243279243130245465456f724c646b5361514d67632e534e5846664e6577414576544541524a356535596c6f456c7279454e444876496f414c747871223b),
('n75dus7m7sidg8adc43dmdcpm8i2ugp2', '::1', 1554515257, 0x5f5f63695f6c6173745f726567656e65726174657c693a313535343531353235373b6c6f676765645f696e7c733a31333a2261696e674c6f67696e59657568223b69647c4e3b757365726e616d657c733a31333a2261646d696e6973747261746f72223b6e616d615f6c656e676b61707c733a353a2241646d696e223b666f746f7c733a31323a22494d472d663130612e6a7067223b6c6576656c7c733a323a223031223b69645f73657373696f6e7c733a36303a22243279243130245465456f724c646b5361514d67632e534e5846664e6577414576544541524a356535596c6f456c7279454e444876496f414c747871223b),
('9edi0phruco2b4fbmvn9s6hjdq8nll7a', '::1', 1554515790, 0x5f5f63695f6c6173745f726567656e65726174657c693a313535343531353739303b6c6f676765645f696e7c733a31333a2261696e674c6f67696e59657568223b69647c4e3b757365726e616d657c733a31333a2261646d696e6973747261746f72223b6e616d615f6c656e676b61707c733a353a2241646d696e223b666f746f7c733a31323a22494d472d663130612e6a7067223b6c6576656c7c733a323a223031223b69645f73657373696f6e7c733a36303a22243279243130245465456f724c646b5361514d67632e534e5846664e6577414576544541524a356535596c6f456c7279454e444876496f414c747871223b),
('0l0euu6ar4upth3pnt8a7uo6klnbogdi', '::1', 1554516116, 0x5f5f63695f6c6173745f726567656e65726174657c693a313535343531363131363b6c6f676765645f696e7c733a31333a2261696e674c6f67696e59657568223b69647c4e3b757365726e616d657c733a31333a2261646d696e6973747261746f72223b6e616d615f6c656e676b61707c733a353a2241646d696e223b666f746f7c733a31323a22494d472d663130612e6a7067223b6c6576656c7c733a323a223031223b69645f73657373696f6e7c733a36303a22243279243130245465456f724c646b5361514d67632e534e5846664e6577414576544541524a356535596c6f456c7279454e444876496f414c747871223b),
('bmuke9tq0pfofur837kuo9snqs68c9fb', '::1', 1554516472, 0x5f5f63695f6c6173745f726567656e65726174657c693a313535343531363437323b6c6f676765645f696e7c733a31333a2261696e674c6f67696e59657568223b69647c4e3b757365726e616d657c733a31333a2261646d696e6973747261746f72223b6e616d615f6c656e676b61707c733a353a2241646d696e223b666f746f7c733a31323a22494d472d663130612e6a7067223b6c6576656c7c733a323a223031223b69645f73657373696f6e7c733a36303a22243279243130245465456f724c646b5361514d67632e534e5846664e6577414576544541524a356535596c6f456c7279454e444876496f414c747871223b),
('e1dh8v79uhvld9cbvggsundpqi23apo2', '::1', 1554516859, 0x5f5f63695f6c6173745f726567656e65726174657c693a313535343531363835393b6c6f676765645f696e7c733a31333a2261696e674c6f67696e59657568223b69647c4e3b757365726e616d657c733a31333a2261646d696e6973747261746f72223b6e616d615f6c656e676b61707c733a353a2241646d696e223b666f746f7c733a31323a22494d472d663130612e6a7067223b6c6576656c7c733a323a223031223b69645f73657373696f6e7c733a36303a22243279243130245465456f724c646b5361514d67632e534e5846664e6577414576544541524a356535596c6f456c7279454e444876496f414c747871223b),
('o2r3nqg30creusqoms3gihdeg5ftfdhd', '::1', 1554517195, 0x5f5f63695f6c6173745f726567656e65726174657c693a313535343531373139353b6c6f676765645f696e7c733a31333a2261696e674c6f67696e59657568223b69647c4e3b757365726e616d657c733a31333a2261646d696e6973747261746f72223b6e616d615f6c656e676b61707c733a353a2241646d696e223b666f746f7c733a31323a22494d472d663130612e6a7067223b6c6576656c7c733a323a223031223b69645f73657373696f6e7c733a36303a22243279243130245465456f724c646b5361514d67632e534e5846664e6577414576544541524a356535596c6f456c7279454e444876496f414c747871223b),
('ahiths28fs79f6neivrvaomlqf7bgu61', '::1', 1554517567, 0x5f5f63695f6c6173745f726567656e65726174657c693a313535343531373536373b6c6f676765645f696e7c733a31333a2261696e674c6f67696e59657568223b69647c4e3b757365726e616d657c733a31333a2261646d696e6973747261746f72223b6e616d615f6c656e676b61707c733a353a2241646d696e223b666f746f7c733a31323a22494d472d663130612e6a7067223b6c6576656c7c733a323a223031223b69645f73657373696f6e7c733a36303a22243279243130245465456f724c646b5361514d67632e534e5846664e6577414576544541524a356535596c6f456c7279454e444876496f414c747871223b),
('h2v7pajqf8s6bjir9iav91kf3u9jpb26', '::1', 1554517906, 0x5f5f63695f6c6173745f726567656e65726174657c693a313535343531373930363b6c6f676765645f696e7c733a31333a2261696e674c6f67696e59657568223b69647c4e3b757365726e616d657c733a31323a2261646d696e6c61626f726174223b6e616d615f6c656e676b61707c733a353a2248696c6461223b666f746f7c733a303a22223b6c6576656c7c733a323a223032223b69645f73657373696f6e7c733a36303a22243279243130244e58537461372e687a66653265772f494a484a643275466b5244706a716d464956767847387538776757746b5a6f75644e572f6457223b),
('8gfoefdkmpqq48d1v3vi7htj1u9p914m', '::1', 1554518251, 0x5f5f63695f6c6173745f726567656e65726174657c693a313535343531383235313b6c6f676765645f696e7c733a31333a2261696e674c6f67696e59657568223b69647c4e3b757365726e616d657c733a31323a2261646d696e6c61626f726174223b6e616d615f6c656e676b61707c733a353a2248696c6461223b666f746f7c733a303a22223b6c6576656c7c733a323a223032223b69645f73657373696f6e7c733a36303a22243279243130244e58537461372e687a66653265772f494a484a643275466b5244706a716d464956767847387538776757746b5a6f75644e572f6457223b),
('3nsplmjted44r2na3gq1qrendif2cjkd', '::1', 1554518868, 0x5f5f63695f6c6173745f726567656e65726174657c693a313535343531383836383b6c6f676765645f696e7c733a31333a2261696e674c6f67696e59657568223b69647c4e3b757365726e616d657c733a363a226b6173697231223b6e616d615f6c656e676b61707c733a333a22616e61223b666f746f7c733a303a22223b6c6576656c7c733a323a223033223b69645f73657373696f6e7c733a36303a222432792431302478757436574d564d4948666e4477355a4264656d454f39716b7257743564753944445a6765516e6964785667577672423562503461223b),
('v6m9isndvl8ao0hjrj26uquh8hn8vnto', '::1', 1554519181, 0x5f5f63695f6c6173745f726567656e65726174657c693a313535343531393138313b6c6f676765645f696e7c733a31333a2261696e674c6f67696e59657568223b69647c4e3b757365726e616d657c733a363a226b6173697231223b6e616d615f6c656e676b61707c733a333a22616e61223b666f746f7c733a303a22223b6c6576656c7c733a323a223033223b69645f73657373696f6e7c733a36303a222432792431302478757436574d564d4948666e4477355a4264656d454f39716b7257743564753944445a6765516e6964785667577672423562503461223b),
('o233q77sca6h32o2qisa5520c84barq5', '::1', 1554519677, 0x5f5f63695f6c6173745f726567656e65726174657c693a313535343531393637373b6c6f676765645f696e7c733a31333a2261696e674c6f67696e59657568223b69647c4e3b757365726e616d657c733a363a226b6173697231223b6e616d615f6c656e676b61707c733a333a22616e61223b666f746f7c733a303a22223b6c6576656c7c733a323a223033223b69645f73657373696f6e7c733a36303a222432792431302478757436574d564d4948666e4477355a4264656d454f39716b7257743564753944445a6765516e6964785667577672423562503461223b),
('p8h2ua9o94db08qb0kork20ncpkljgs5', '::1', 1554520050, 0x5f5f63695f6c6173745f726567656e65726174657c693a313535343532303035303b6c6f676765645f696e7c733a31333a2261696e674c6f67696e59657568223b69647c4e3b757365726e616d657c733a31333a2261646d696e6973747261746f72223b6e616d615f6c656e676b61707c733a353a2241646d696e223b666f746f7c733a31323a22494d472d663130612e6a7067223b6c6576656c7c733a323a223031223b69645f73657373696f6e7c733a36303a22243279243130245465456f724c646b5361514d67632e534e5846664e6577414576544541524a356535596c6f456c7279454e444876496f414c747871223b),
('pejg9v6eng87571gbeto9cfi81ac9gpl', '::1', 1554520363, 0x5f5f63695f6c6173745f726567656e65726174657c693a313535343532303336333b6c6f676765645f696e7c733a31333a2261696e674c6f67696e59657568223b69647c4e3b757365726e616d657c733a31333a2261646d696e6973747261746f72223b6e616d615f6c656e676b61707c733a353a2241646d696e223b666f746f7c733a31323a22494d472d663130612e6a7067223b6c6576656c7c733a323a223031223b69645f73657373696f6e7c733a36303a22243279243130245465456f724c646b5361514d67632e534e5846664e6577414576544541524a356535596c6f456c7279454e444876496f414c747871223b),
('ifup6uaqm0cugtp6v46nviv5m6est3pq', '::1', 1554520682, 0x5f5f63695f6c6173745f726567656e65726174657c693a313535343532303638323b6c6f676765645f696e7c733a31333a2261696e674c6f67696e59657568223b69647c4e3b757365726e616d657c733a31333a2261646d696e6973747261746f72223b6e616d615f6c656e676b61707c733a353a2241646d696e223b666f746f7c733a31323a22494d472d663130612e6a7067223b6c6576656c7c733a323a223031223b69645f73657373696f6e7c733a36303a22243279243130245465456f724c646b5361514d67632e534e5846664e6577414576544541524a356535596c6f456c7279454e444876496f414c747871223b),
('o0n10ec3j5svt7kn00mb9umbmsbjqoh6', '::1', 1554521079, 0x5f5f63695f6c6173745f726567656e65726174657c693a313535343532313037393b6c6f676765645f696e7c733a31333a2261696e674c6f67696e59657568223b69647c4e3b757365726e616d657c733a31333a2261646d696e6973747261746f72223b6e616d615f6c656e676b61707c733a353a2241646d696e223b666f746f7c733a31323a22494d472d663130612e6a7067223b6c6576656c7c733a323a223031223b69645f73657373696f6e7c733a36303a22243279243130245465456f724c646b5361514d67632e534e5846664e6577414576544541524a356535596c6f456c7279454e444876496f414c747871223b),
('j1o2cuhu367l0jc33b4tqsm21rlls7qi', '::1', 1554521386, 0x5f5f63695f6c6173745f726567656e65726174657c693a313535343532313338363b6c6f676765645f696e7c733a31333a2261696e674c6f67696e59657568223b69647c4e3b757365726e616d657c733a31333a2261646d696e6973747261746f72223b6e616d615f6c656e676b61707c733a353a2241646d696e223b666f746f7c733a31323a22494d472d663130612e6a7067223b6c6576656c7c733a323a223031223b69645f73657373696f6e7c733a36303a22243279243130245465456f724c646b5361514d67632e534e5846664e6577414576544541524a356535596c6f456c7279454e444876496f414c747871223b),
('rpptaenifebuef88npklaih3508iq2vf', '::1', 1554521770, 0x5f5f63695f6c6173745f726567656e65726174657c693a313535343532313737303b6c6f676765645f696e7c733a31333a2261696e674c6f67696e59657568223b69647c4e3b757365726e616d657c733a31333a2261646d696e6973747261746f72223b6e616d615f6c656e676b61707c733a353a2241646d696e223b666f746f7c733a31323a22494d472d663130612e6a7067223b6c6576656c7c733a323a223031223b69645f73657373696f6e7c733a36303a22243279243130245465456f724c646b5361514d67632e534e5846664e6577414576544541524a356535596c6f456c7279454e444876496f414c747871223b),
('9g0hce44a7eiic0e84bv3aeej7b8oorr', '::1', 1554522161, 0x5f5f63695f6c6173745f726567656e65726174657c693a313535343532323136313b6c6f676765645f696e7c733a31333a2261696e674c6f67696e59657568223b69647c4e3b757365726e616d657c733a31333a2261646d696e6973747261746f72223b6e616d615f6c656e676b61707c733a353a2241646d696e223b666f746f7c733a31323a22494d472d663130612e6a7067223b6c6576656c7c733a323a223031223b69645f73657373696f6e7c733a36303a22243279243130245465456f724c646b5361514d67632e534e5846664e6577414576544541524a356535596c6f456c7279454e444876496f414c747871223b),
('7thc630aulm7dj6tkegvfiup5a816078', '::1', 1554522491, 0x5f5f63695f6c6173745f726567656e65726174657c693a313535343532323439313b6c6f676765645f696e7c733a31333a2261696e674c6f67696e59657568223b69647c4e3b757365726e616d657c733a31333a2261646d696e6973747261746f72223b6e616d615f6c656e676b61707c733a353a2241646d696e223b666f746f7c733a31323a22494d472d663130612e6a7067223b6c6576656c7c733a323a223031223b69645f73657373696f6e7c733a36303a22243279243130245465456f724c646b5361514d67632e534e5846664e6577414576544541524a356535596c6f456c7279454e444876496f414c747871223b),
('qpnhckfca3pb55shcg8tb85nhs45u7il', '::1', 1554522822, 0x5f5f63695f6c6173745f726567656e65726174657c693a313535343532323832323b6c6f676765645f696e7c733a31333a2261696e674c6f67696e59657568223b69647c4e3b757365726e616d657c733a31333a2261646d696e6973747261746f72223b6e616d615f6c656e676b61707c733a353a2241646d696e223b666f746f7c733a31323a22494d472d663130612e6a7067223b6c6576656c7c733a323a223031223b69645f73657373696f6e7c733a36303a22243279243130245465456f724c646b5361514d67632e534e5846664e6577414576544541524a356535596c6f456c7279454e444876496f414c747871223b),
('872s0hicc4abuk9t92phgcq5hvhh47sk', '::1', 1554523239, 0x5f5f63695f6c6173745f726567656e65726174657c693a313535343532333233393b6c6f676765645f696e7c733a31333a2261696e674c6f67696e59657568223b69647c4e3b757365726e616d657c733a31333a2261646d696e6973747261746f72223b6e616d615f6c656e676b61707c733a353a2241646d696e223b666f746f7c733a31323a22494d472d663130612e6a7067223b6c6576656c7c733a323a223031223b69645f73657373696f6e7c733a36303a22243279243130245465456f724c646b5361514d67632e534e5846664e6577414576544541524a356535596c6f456c7279454e444876496f414c747871223b),
('jcb875nd417n9u2h6p22o681m91rfs9v', '::1', 1554523572, 0x5f5f63695f6c6173745f726567656e65726174657c693a313535343532333537323b6c6f676765645f696e7c733a31333a2261696e674c6f67696e59657568223b69647c4e3b757365726e616d657c733a31333a2261646d696e6973747261746f72223b6e616d615f6c656e676b61707c733a353a2241646d696e223b666f746f7c733a31323a22494d472d663130612e6a7067223b6c6576656c7c733a323a223031223b69645f73657373696f6e7c733a36303a22243279243130245465456f724c646b5361514d67632e534e5846664e6577414576544541524a356535596c6f456c7279454e444876496f414c747871223b),
('gkqn52r7acj39ptds5123q5qpshnstfe', '::1', 1554523759, 0x5f5f63695f6c6173745f726567656e65726174657c693a313535343532333630343b6c6f676765645f696e7c733a31333a2261696e674c6f67696e59657568223b69647c4e3b757365726e616d657c733a363a226b6173697231223b6e616d615f6c656e676b61707c733a333a22616e61223b666f746f7c733a363a2235312e6a7067223b6c6576656c7c733a323a223033223b69645f73657373696f6e7c733a36303a222432792431302478757436574d564d4948666e4477355a4264656d454f39716b7257743564753944445a6765516e6964785667577672423562503461223b),
('5uee4bkf4hsn31ui531fln7pko5npgka', '::1', 1554549038, 0x5f5f63695f6c6173745f726567656e65726174657c693a313535343534393033383b6c6f676765645f696e7c733a31333a2261696e674c6f67696e59657568223b69647c4e3b757365726e616d657c733a31333a2261646d696e6973747261746f72223b6e616d615f6c656e676b61707c733a353a2241646d696e223b666f746f7c733a31323a22494d472d663130612e6a7067223b6c6576656c7c733a323a223031223b69645f73657373696f6e7c733a36303a22243279243130245465456f724c646b5361514d67632e534e5846664e6577414576544541524a356535596c6f456c7279454e444876496f414c747871223b),
('mt1ti78n2dq24fg7c513h27u7sp56kjm', '::1', 1554550083, 0x5f5f63695f6c6173745f726567656e65726174657c693a313535343535303038333b6c6f676765645f696e7c733a31333a2261696e674c6f67696e59657568223b69647c4e3b757365726e616d657c733a31333a2261646d696e6973747261746f72223b6e616d615f6c656e676b61707c733a353a2241646d696e223b666f746f7c733a31323a22494d472d663130612e6a7067223b6c6576656c7c733a323a223031223b69645f73657373696f6e7c733a36303a22243279243130245465456f724c646b5361514d67632e534e5846664e6577414576544541524a356535596c6f456c7279454e444876496f414c747871223b),
('qjo3j8d9tt6jhh15jvic5t9q37glko4k', '::1', 1554550689, 0x5f5f63695f6c6173745f726567656e65726174657c693a313535343535303638393b6c6f676765645f696e7c733a31333a2261696e674c6f67696e59657568223b69647c4e3b757365726e616d657c733a31333a2261646d696e6973747261746f72223b6e616d615f6c656e676b61707c733a353a2241646d696e223b666f746f7c733a31323a22494d472d663130612e6a7067223b6c6576656c7c733a323a223031223b69645f73657373696f6e7c733a36303a22243279243130245465456f724c646b5361514d67632e534e5846664e6577414576544541524a356535596c6f456c7279454e444876496f414c747871223b),
('nbll42fe4oq5kf13m0s5b9all5vk49ec', '::1', 1554551022, 0x5f5f63695f6c6173745f726567656e65726174657c693a313535343535313032323b6c6f676765645f696e7c733a31333a2261696e674c6f67696e59657568223b69647c4e3b757365726e616d657c733a31333a2261646d696e6973747261746f72223b6e616d615f6c656e676b61707c733a353a2241646d696e223b666f746f7c733a31323a22494d472d663130612e6a7067223b6c6576656c7c733a323a223031223b69645f73657373696f6e7c733a36303a22243279243130245465456f724c646b5361514d67632e534e5846664e6577414576544541524a356535596c6f456c7279454e444876496f414c747871223b),
('d267vt8tqh4kr31t85o5mo9581kejeqr', '::1', 1554551326, 0x5f5f63695f6c6173745f726567656e65726174657c693a313535343535313332363b6c6f676765645f696e7c733a31333a2261696e674c6f67696e59657568223b69647c4e3b757365726e616d657c733a31333a2261646d696e6973747261746f72223b6e616d615f6c656e676b61707c733a353a2241646d696e223b666f746f7c733a31323a22494d472d663130612e6a7067223b6c6576656c7c733a323a223031223b69645f73657373696f6e7c733a36303a22243279243130245465456f724c646b5361514d67632e534e5846664e6577414576544541524a356535596c6f456c7279454e444876496f414c747871223b),
('rf2660goe56fk8ibe8gbeh4h80dn23hg', '::1', 1554551620, 0x5f5f63695f6c6173745f726567656e65726174657c693a313535343535313332363b6c6f676765645f696e7c733a31333a2261696e674c6f67696e59657568223b69647c4e3b757365726e616d657c733a31333a2261646d696e6973747261746f72223b6e616d615f6c656e676b61707c733a353a2241646d696e223b666f746f7c733a31323a22494d472d663130612e6a7067223b6c6576656c7c733a323a223031223b69645f73657373696f6e7c733a36303a22243279243130245465456f724c646b5361514d67632e534e5846664e6577414576544541524a356535596c6f456c7279454e444876496f414c747871223b),
('r519jq3rg77rsrgaootolv00h9go3cs7', '::1', 1554553080, 0x5f5f63695f6c6173745f726567656e65726174657c693a313535343535333038303b),
('7ct4cq4h6dnllonlh88n6m04msg14u81', '::1', 1554553330, 0x5f5f63695f6c6173745f726567656e65726174657c693a313535343535333237363b6c6f676765645f696e7c733a31333a2261696e674c6f67696e59657568223b69647c4e3b757365726e616d657c733a363a226b6173697231223b6e616d615f6c656e676b61707c733a333a22616e61223b666f746f7c733a363a2235312e6a7067223b6c6576656c7c733a323a223033223b69645f73657373696f6e7c733a36303a222432792431302478757436574d564d4948666e4477355a4264656d454f39716b7257743564753944445a6765516e6964785667577672423562503461223b),
('3ihhf59hi8kjl3u8me2oiv2b4ast57a4', '::1', 1554562991, 0x5f5f63695f6c6173745f726567656e65726174657c693a313535343536323939313b6c6f676765645f696e7c733a31333a2261696e674c6f67696e59657568223b69647c4e3b757365726e616d657c733a363a226b6173697231223b6e616d615f6c656e676b61707c733a333a22616e61223b666f746f7c733a363a2235312e6a7067223b6c6576656c7c733a323a223033223b69645f73657373696f6e7c733a36303a222432792431302478757436574d564d4948666e4477355a4264656d454f39716b7257743564753944445a6765516e6964785667577672423562503461223b),
('j6p8tgglgk9nm1k0sd3o7qss04462vl8', '::1', 1554563344, 0x5f5f63695f6c6173745f726567656e65726174657c693a313535343536333334343b6c6f676765645f696e7c733a31333a2261696e674c6f67696e59657568223b69647c4e3b757365726e616d657c733a363a226b6173697231223b6e616d615f6c656e676b61707c733a333a22616e61223b666f746f7c733a363a2235312e6a7067223b6c6576656c7c733a323a223033223b69645f73657373696f6e7c733a36303a222432792431302478757436574d564d4948666e4477355a4264656d454f39716b7257743564753944445a6765516e6964785667577672423562503461223b),
('gmegmm3a7i01c3kke10fa2urqe01s3dv', '::1', 1554564103, 0x5f5f63695f6c6173745f726567656e65726174657c693a313535343536343130333b6c6f676765645f696e7c733a31333a2261696e674c6f67696e59657568223b69647c4e3b757365726e616d657c733a31323a2261646d696e6c61626f726174223b6e616d615f6c656e676b61707c733a353a2248696c6461223b666f746f7c733a353a22322e6a7067223b6c6576656c7c733a323a223032223b69645f73657373696f6e7c733a36303a22243279243130244e58537461372e687a66653265772f494a484a643275466b5244706a716d464956767847387538776757746b5a6f75644e572f6457223b),
('v5cb6481aueq2pc6k4km10c5b8p4gsdb', '::1', 1554564467, 0x5f5f63695f6c6173745f726567656e65726174657c693a313535343536343436373b6c6f676765645f696e7c733a31333a2261696e674c6f67696e59657568223b69647c4e3b757365726e616d657c733a363a226b6173697231223b6e616d615f6c656e676b61707c733a333a22616e61223b666f746f7c733a363a2235312e6a7067223b6c6576656c7c733a323a223033223b69645f73657373696f6e7c733a36303a222432792431302478757436574d564d4948666e4477355a4264656d454f39716b7257743564753944445a6765516e6964785667577672423562503461223b),
('esfur737v1rnua2an65n6nvehe52ko5c', '::1', 1554564815, 0x5f5f63695f6c6173745f726567656e65726174657c693a313535343536343831353b6c6f676765645f696e7c733a31333a2261696e674c6f67696e59657568223b69647c4e3b757365726e616d657c733a363a226b6173697231223b6e616d615f6c656e676b61707c733a333a22616e61223b666f746f7c733a363a2235312e6a7067223b6c6576656c7c733a323a223033223b69645f73657373696f6e7c733a36303a222432792431302478757436574d564d4948666e4477355a4264656d454f39716b7257743564753944445a6765516e6964785667577672423562503461223b),
('hs870mlke40asmaii8oigh5mq42m84gi', '::1', 1554565267, 0x5f5f63695f6c6173745f726567656e65726174657c693a313535343536353236373b6c6f676765645f696e7c733a31333a2261696e674c6f67696e59657568223b69647c4e3b757365726e616d657c733a31333a2261646d696e6973747261746f72223b6e616d615f6c656e676b61707c733a353a2241646d696e223b666f746f7c733a31323a22494d472d663130612e6a7067223b6c6576656c7c733a323a223031223b69645f73657373696f6e7c733a36303a22243279243130245465456f724c646b5361514d67632e534e5846664e6577414576544541524a356535596c6f456c7279454e444876496f414c747871223b),
('nm54kiodes0mrs2sfq0g6dpfcd7mve50', '::1', 1554565272, 0x5f5f63695f6c6173745f726567656e65726174657c693a313535343536353236383b),
('vbh12auauj8vnbksn1nj1eajqklk7e09', '::1', 1554565727, 0x5f5f63695f6c6173745f726567656e65726174657c693a313535343536353732373b),
('6k7emfttau7cnmc8dn5u7t613oac8kiv', '::1', 1554566313, 0x5f5f63695f6c6173745f726567656e65726174657c693a313535343536363331333b),
('ds73apm2ek9d6ig3sb5rv08tvuo25jo5', '::1', 1554566771, 0x5f5f63695f6c6173745f726567656e65726174657c693a313535343536363737313b4e4f414e545249414e7c733a333a22303033223b5f5f63695f766172737c613a323a7b733a393a224e4f414e545249414e223b733a333a226f6c64223b733a31303a22535543434553534d5347223b733a333a226f6c64223b7d535543434553534d53477c733a32323a224e6f6d6f7220416e747269616e20416e646120303033223b),
('80d6uj4urtvco1837ghabcclkmqql98d', '::1', 1554567208, 0x5f5f63695f6c6173745f726567656e65726174657c693a313535343536373230383b535543434553534d53477c733a34383a223c63656e7465723e4e6f6d6f7220416e747269616e20416e6461203c68313e3030373c2f68313e3c2f63656e7465723e223b5f5f63695f766172737c613a313a7b733a31303a22535543434553534d5347223b733a333a226f6c64223b7d),
('4d9f753dkkvalla8sge72go1hgi3va83', '::1', 1554567981, 0x5f5f63695f6c6173745f726567656e65726174657c693a313535343536373938313b),
('avv9u82b25a1c66o9u8uuf29ct45e0ub', '::1', 1554568336, 0x5f5f63695f6c6173745f726567656e65726174657c693a313535343536383333363b),
('4111mautbv0pvpfes2718df212mrvtn9', '::1', 1554568669, 0x5f5f63695f6c6173745f726567656e65726174657c693a313535343536383636393b),
('p2jonr910qaq410hh6utuo4nsvcm9h9r', '::1', 1554569177, 0x5f5f63695f6c6173745f726567656e65726174657c693a313535343536393137373b),
('isk1b04pvip7lpemo8f3sf3a5er7185p', '::1', 1554569618, 0x5f5f63695f6c6173745f726567656e65726174657c693a313535343536393631383b535543434553534d53477c733a36303a223c63656e7465723e20506572686172692048616e7961204469706572626f6c65686b616e2031782050656e646166746172616e3c2f63656e7465723e223b5f5f63695f766172737c613a313a7b733a31303a22535543434553534d5347223b733a333a226f6c64223b7d),
('12rlul3euvm35div9b07kgek72h3botb', '::1', 1554569939, 0x5f5f63695f6c6173745f726567656e65726174657c693a313535343536393933393b6c6f676765645f696e7c733a31333a2261696e674c6f67696e59657568223b69647c4e3b757365726e616d657c733a31333a2261646d696e6973747261746f72223b6e616d615f6c656e676b61707c733a353a2241646d696e223b666f746f7c733a31323a22494d472d663130612e6a7067223b6c6576656c7c733a323a223031223b69645f73657373696f6e7c733a36303a22243279243130245465456f724c646b5361514d67632e534e5846664e6577414576544541524a356535596c6f456c7279454e444876496f414c747871223b),
('bu8bvpk8dmdi2agb2a7nuh1q6ceh7m34', '::1', 1554570362, 0x5f5f63695f6c6173745f726567656e65726174657c693a313535343537303336323b6c6f676765645f696e7c733a31333a2261696e674c6f67696e59657568223b69647c4e3b757365726e616d657c733a31333a2261646d696e6973747261746f72223b6e616d615f6c656e676b61707c733a353a2241646d696e223b666f746f7c733a31323a22494d472d663130612e6a7067223b6c6576656c7c733a323a223031223b69645f73657373696f6e7c733a36303a22243279243130245465456f724c646b5361514d67632e534e5846664e6577414576544541524a356535596c6f456c7279454e444876496f414c747871223b),
('vkq0meiabcf1f37932r9rj28mr1m11tk', '::1', 1554570762, 0x5f5f63695f6c6173745f726567656e65726174657c693a313535343537303736323b6c6f676765645f696e7c733a31333a2261696e674c6f67696e59657568223b69647c4e3b757365726e616d657c733a31323a2261646d696e6c61626f726174223b6e616d615f6c656e676b61707c733a353a2248696c6461223b666f746f7c733a353a22322e6a7067223b6c6576656c7c733a323a223032223b69645f73657373696f6e7c733a36303a22243279243130244e58537461372e687a66653265772f494a484a643275466b5244706a716d464956767847387538776757746b5a6f75644e572f6457223b),
('0vac6hs21ravpcuh805qfe6sduued8i8', '::1', 1554571109, 0x5f5f63695f6c6173745f726567656e65726174657c693a313535343537313130393b6c6f676765645f696e7c733a31333a2261696e674c6f67696e59657568223b69647c4e3b757365726e616d657c733a31323a2261646d696e6c61626f726174223b6e616d615f6c656e676b61707c733a353a2248696c6461223b666f746f7c733a353a22322e6a7067223b6c6576656c7c733a323a223032223b69645f73657373696f6e7c733a36303a22243279243130244e58537461372e687a66653265772f494a484a643275466b5244706a716d464956767847387538776757746b5a6f75644e572f6457223b),
('6vido5l89hic85dvg5f3jh88hd57m50j', '::1', 1554571277, 0x5f5f63695f6c6173745f726567656e65726174657c693a313535343537313237323b),
('mdfhbke29e2qtm97ga07og7eie3fjeof', '::1', 1554571511, 0x5f5f63695f6c6173745f726567656e65726174657c693a313535343537313433363b);

--
-- Indexes for dumped tables
--

--
-- Indeks untuk tabel `admins`
--
ALTER TABLE `admins`
  ADD PRIMARY KEY (`username`);

--
-- Indeks untuk tabel `antrian`
--
ALTER TABLE `antrian`
  ADD PRIMARY KEY (`kode_barcode`);

--
-- Indeks untuk tabel `ci_sessions`
--
ALTER TABLE `ci_sessions`
  ADD PRIMARY KEY (`session_id`);

--
-- Indeks untuk tabel `config`
--
ALTER TABLE `config`
  ADD PRIMARY KEY (`id`);

--
-- Indeks untuk tabel `diagnosa`
--
ALTER TABLE `diagnosa`
  ADD PRIMARY KEY (`id_diagnosa`);

--
-- Indeks untuk tabel `dokter`
--
ALTER TABLE `dokter`
  ADD PRIMARY KEY (`id_dokter`);

--
-- Indeks untuk tabel `d_hasil`
--
ALTER TABLE `d_hasil`
  ADD PRIMARY KEY (`id`);

--
-- Indeks untuk tabel `hasil`
--
ALTER TABLE `hasil`
  ADD PRIMARY KEY (`kode_periksa`);

--
-- Indeks untuk tabel `h_antrian`
--
ALTER TABLE `h_antrian`
  ADD PRIMARY KEY (`no`);

--
-- Indeks untuk tabel `level`
--
ALTER TABLE `level`
  ADD PRIMARY KEY (`id_level`);

--
-- Indeks untuk tabel `pasien`
--
ALTER TABLE `pasien`
  ADD PRIMARY KEY (`id_pasien`);

--
-- Indeks untuk tabel `periksa`
--
ALTER TABLE `periksa`
  ADD PRIMARY KEY (`kode_periksa`);

--
-- Indeks untuk tabel `sessions`
--
ALTER TABLE `sessions`
  ADD KEY `ci_sessions_timestamp` (`timestamp`);

--
-- AUTO_INCREMENT untuk tabel yang dibuang
--

--
-- AUTO_INCREMENT untuk tabel `diagnosa`
--
ALTER TABLE `diagnosa`
  MODIFY `id_diagnosa` int(11) NOT NULL AUTO_INCREMENT, AUTO_INCREMENT=205;

--
-- AUTO_INCREMENT untuk tabel `dokter`
--
ALTER TABLE `dokter`
  MODIFY `id_dokter` int(11) NOT NULL AUTO_INCREMENT, AUTO_INCREMENT=7;

--
-- AUTO_INCREMENT untuk tabel `d_hasil`
--
ALTER TABLE `d_hasil`
  MODIFY `id` smallint(11) NOT NULL AUTO_INCREMENT, AUTO_INCREMENT=7;

--
-- AUTO_INCREMENT untuk tabel `h_antrian`
--
ALTER TABLE `h_antrian`
  MODIFY `no` int(11) NOT NULL AUTO_INCREMENT, AUTO_INCREMENT=7;

--
-- AUTO_INCREMENT untuk tabel `pasien`
--
ALTER TABLE `pasien`
  MODIFY `id_pasien` int(11) NOT NULL AUTO_INCREMENT, AUTO_INCREMENT=6;
COMMIT;

/*!40101 SET CHARACTER_SET_CLIENT=@OLD_CHARACTER_SET_CLIENT */;
/*!40101 SET CHARACTER_SET_RESULTS=@OLD_CHARACTER_SET_RESULTS */;
/*!40101 SET COLLATION_CONNECTION=@OLD_COLLATION_CONNECTION */;
