-- phpMyAdmin SQL Dump
-- version 4.7.8
-- https://www.phpmyadmin.net/
--
-- Host: localhost
-- Waktu pembuatan: 03 Mar 2018 pada 13.19
-- Versi server: 10.1.13-MariaDB
-- Versi PHP: 7.0.5

SET SQL_MODE = "NO_AUTO_VALUE_ON_ZERO";
SET AUTOCOMMIT = 0;
START TRANSACTION;
SET time_zone = "+00:00";


/*!40101 SET @OLD_CHARACTER_SET_CLIENT=@@CHARACTER_SET_CLIENT */;
/*!40101 SET @OLD_CHARACTER_SET_RESULTS=@@CHARACTER_SET_RESULTS */;
/*!40101 SET @OLD_COLLATION_CONNECTION=@@COLLATION_CONNECTION */;
/*!40101 SET NAMES utf8mb4 */;

--
-- Database: `inventory`
--

-- --------------------------------------------------------

--
-- Struktur dari tabel `admins`
--

CREATE TABLE `admins` (
  `username` varchar(50) NOT NULL,
  `password` varchar(255) CHARACTER SET latin1 COLLATE latin1_general_ci NOT NULL,
  `nama_lengkap` varchar(100) CHARACTER SET latin1 COLLATE latin1_general_ci NOT NULL,
  `level` varchar(20) NOT NULL,
  `toko` varchar(20) NOT NULL,
  `blokir` enum('Y','N') NOT NULL DEFAULT 'N',
  `foto` varchar(50) NOT NULL,
  `id_session` varchar(255) NOT NULL
) ENGINE=InnoDB DEFAULT CHARSET=latin1;

--
-- Dumping data untuk tabel `admins`
--

INSERT INTO `admins` (`username`, `password`, `nama_lengkap`, `level`, `toko`, `blokir`, `foto`, `id_session`) VALUES
('administrator', '$2y$10$V9pkY8dpqKz4tqygDH5osO8Epjz7WxCTERiuCFrUwtIPt/vqU8SCG', 'Owner', '01', '02,01', 'N', 'IMG-f10a.jpg', '$2y$10$LPJmRoRwDZooFdQd0dsT2uT/vuRABtn/Hl5D1LBJd9xHEXwksl0MW'),
('dinda', '$2y$10$5w75Mm8Pgavm3S5bqD44.OnyyKUa.9h61Ex5X6REEDDPm/HiGEAe6', 'dinda', '03', '01', 'N', '', '$2y$10$mycKJnnvg9UG.wDnSoeJ/.XW/ofd6VowSaUcjskr80CXX19Am0AIy'),
('gudang', '$2y$10$YsMX/3f97/cZiZIs1M6n9uPQgSbLMKU8cpreSmrv.j6D4am9seP1G', 'Yunus', '02', '01,02', 'N', 'ava-677f.png', '$2y$10$iAvPWzAtFqAE.VDL0HC8kuJTSvRfpbknAmau2pKwEpS9G/ql4Oozy'),
('gunawan', '$2y$10$KFbJcko3cCDBa0F3nuC15ev6hEIBIbovw4b4p4JaNlcohraFY69Iu', 'gunawan', '03', '02', 'N', '', '$2y$10$VCVHzYumrjVEgn7OUa80WOkeWOND8819QM8A4/6tt3yi24x722D2e'),
('huda', '$2y$10$A2KaW6oUWKOl/8DdKFLTVeSODGjaLio9KoEsA02u1QQETT18EDe7e', 'huda', '03', '01', 'N', '', '$2y$10$ZCvvOGSWfUDT4zfKDzndxOajjPxc25dSlG/x/4o5uBi8Uz1vYfCR.'),
('user', '$2y$10$I0o.K8dajrMrVj1W9MI0COaqoc4o5VQdYht3y9TnSLF26LdU6ka6.', 'Hermawan', '03', '02', 'N', 'ava-8836.png', '$2y$10$P9krK7Yufa.ZYuR5NMVWKuPLVNGa2fXwKiFpm9r/OBEr.YJo.7el6');

-- --------------------------------------------------------

--
-- Struktur dari tabel `barang`
--

CREATE TABLE `barang` (
  `kode_barang` char(15) NOT NULL,
  `merk` varchar(255) NOT NULL,
  `type` enum('BNIB','BNWB','','') NOT NULL,
  `art` varchar(255) NOT NULL,
  `nama_barang` varchar(100) NOT NULL,
  `size` varchar(50) NOT NULL,
  `qty` int(11) NOT NULL,
  `harga_beli` bigint(20) NOT NULL,
  `harga_jual` bigint(20) NOT NULL
) ENGINE=InnoDB DEFAULT CHARSET=latin1;

--
-- Dumping data untuk tabel `barang`
--

INSERT INTO `barang` (`kode_barang`, `merk`, `type`, `art`, `nama_barang`, `size`, `qty`, `harga_beli`, `harga_jual`) VALUES
('ADD220', 'Adidas', 'BNWB', 'ADDSemiOri', 'Adidas Size 34 White', '34', 10, 210000, 540000),
('ADD221', 'ADIDAS', 'BNIB', 'ADDORI3', 'Adidas Size 33 Black', '33', 10, 200000, 300000),
('ADD222', 'Adidas', 'BNIB', 'ADDORIginal', 'Adidas Size 32 Black', '32', 10, 200000, 500000),
('ADD223', 'Adidas', 'BNIB', 'ADDORI', 'Adidas Size 30 Black', '30', 10, 200000, 500000),
('BAR223', 'Adidas', 'BNIB', 'ADDORIGINAL2', 'Adidas 23 black', '23', 10, 180000, 500000),
('NK003', 'Nike', 'BNWB', '2323', 'Nike A12D1l4 40 Putih', '40', 10, 500000, 1000000),
('SP0001', 'Speed', 'BNWB', '10ghRT', 'Speed 40 S Black', '40', 10, 60000, 150000);

-- --------------------------------------------------------

--
-- Struktur dari tabel `barang1`
--

CREATE TABLE `barang1` (
  `kode_barang` char(15) NOT NULL,
  `merk` varchar(255) NOT NULL,
  `type` enum('BNIB','BNWB','','') NOT NULL,
  `art` varchar(255) NOT NULL,
  `nama_barang` varchar(100) NOT NULL,
  `size` varchar(50) NOT NULL,
  `qty` int(11) NOT NULL,
  `harga_beli` bigint(20) NOT NULL,
  `harga_jual` bigint(20) NOT NULL
) ENGINE=InnoDB DEFAULT CHARSET=latin1;

--
-- Dumping data untuk tabel `barang1`
--

INSERT INTO `barang1` (`kode_barang`, `merk`, `type`, `art`, `nama_barang`, `size`, `qty`, `harga_beli`, `harga_jual`) VALUES
('ADD220', 'Adidas', 'BNWB', 'ADDSemiOri', 'Adidas Size 34 White', '34', 10, 210000, 540000),
('ADD221', 'ADIDAS', 'BNIB', 'ADDORI3', 'Adidas Size 33 Black', '33', 10, 200000, 300000),
('ADD222', 'Adidas', 'BNIB', 'ADDORIginal', 'Adidas Size 32 Black', '32', 10, 200000, 500000),
('ADD223', 'Adidas', 'BNIB', 'ADDORI', 'Adidas Size 30 Black', '30', 10, 200000, 500000),
('BAR223', 'Adidas', 'BNIB', 'ADDORIGINAL2', 'Adidas 23 black', '23', 10, 180000, 500000),
('NK003', 'Nike', 'BNWB', '2323', 'Nike A12D1l4 40 Putih', '40', 10, 500000, 1000000);

-- --------------------------------------------------------

--
-- Struktur dari tabel `booking`
--

CREATE TABLE `booking` (
  `kodebooking` char(15) NOT NULL,
  `tglbooking` date NOT NULL,
  `jatuh_tempo` date NOT NULL,
  `kode_pelanggan` char(5) NOT NULL,
  `pelanggan` varchar(50) NOT NULL,
  `keterangan` char(1) NOT NULL,
  `dp` double NOT NULL,
  `username` varchar(50) NOT NULL,
  `kode_barang` char(15) NOT NULL,
  `jmlbooking` int(11) NOT NULL
) ENGINE=InnoDB DEFAULT CHARSET=latin1;

--
-- Dumping data untuk tabel `booking`
--

INSERT INTO `booking` (`kodebooking`, `tglbooking`, `jatuh_tempo`, `kode_pelanggan`, `pelanggan`, `keterangan`, `dp`, `username`, `kode_barang`, `jmlbooking`) VALUES
('BK00001', '2018-03-03', '2018-03-03', 'UMUM', 'Yuda', '1', 540000, 'administrator', 'ADD220', 1);

-- --------------------------------------------------------

--
-- Struktur dari tabel `booking1`
--

CREATE TABLE `booking1` (
  `kodebooking` char(15) NOT NULL,
  `tglbooking` date NOT NULL,
  `jatuh_tempo` date NOT NULL,
  `kode_pelanggan` char(5) NOT NULL,
  `pelanggan` varchar(50) NOT NULL,
  `keterangan` char(1) NOT NULL,
  `dp` double NOT NULL,
  `username` varchar(50) NOT NULL,
  `kode_barang` char(15) NOT NULL,
  `jmlbooking` int(11) NOT NULL
) ENGINE=InnoDB DEFAULT CHARSET=latin1;

--
-- Dumping data untuk tabel `booking1`
--

INSERT INTO `booking1` (`kodebooking`, `tglbooking`, `jatuh_tempo`, `kode_pelanggan`, `pelanggan`, `keterangan`, `dp`, `username`, `kode_barang`, `jmlbooking`) VALUES
('BK00001', '2018-03-03', '2018-03-03', 'UMUM', 'Yuda', '1', 540000, 'administrator', 'ADD220', 1),
('BK00002', '2018-03-03', '2018-03-03', 'RES', 'Yunus', '2', 240000, 'administrator', 'ADD220', 1);

-- --------------------------------------------------------

--
-- Struktur dari tabel `ci_sessions`
--

CREATE TABLE `ci_sessions` (
  `session_id` varchar(40) NOT NULL DEFAULT '0',
  `ip_address` varchar(45) NOT NULL DEFAULT '0',
  `user_agent` varchar(120) NOT NULL,
  `last_activity` int(10) UNSIGNED NOT NULL DEFAULT '0',
  `user_data` text NOT NULL
) ENGINE=InnoDB DEFAULT CHARSET=latin1;

--
-- Dumping data untuk tabel `ci_sessions`
--

INSERT INTO `ci_sessions` (`session_id`, `ip_address`, `user_agent`, `last_activity`, `user_data`) VALUES
('ceec3a9c9dcca5621d4b6eea8c853ae6', '127.0.0.1', 'Mozilla/5.0 (Windows NT 6.1) AppleWebKit/537.36 (KHTML, like Gecko) Chrome/64.0.3282.167 Safari/537.36', 1518776398, 'a:7:{s:9:\"user_data\";s:0:\"\";s:9:\"logged_in\";s:13:\"aingLoginYeuh\";s:2:\"id\";N;s:8:\"username\";s:13:\"administrator\";s:12:\"nama_lengkap\";s:5:\"Owner\";s:4:\"foto\";s:12:\"IMG-f10a.jpg\";s:5:\"level\";s:2:\"01\";}');

-- --------------------------------------------------------

--
-- Struktur dari tabel `config`
--

CREATE TABLE `config` (
  `id` int(11) NOT NULL,
  `instansi` varchar(50) NOT NULL,
  `telp` text NOT NULL,
  `alamat` varchar(255) NOT NULL,
  `email` varchar(50) NOT NULL,
  `website` varchar(50) NOT NULL,
  `aplikasi` varchar(255) NOT NULL,
  `usaha` varchar(255) NOT NULL,
  `author` varchar(50) NOT NULL
) ENGINE=InnoDB DEFAULT CHARSET=latin1;

--
-- Dumping data untuk tabel `config`
--

INSERT INTO `config` (`id`, `instansi`, `telp`, `alamat`, `email`, `website`, `aplikasi`, `usaha`, `author`) VALUES
(1, 'Bangunjiwo Software', '085747875865', 'Ds. Lemah dadi bangunjiwo kasihan bantul Yogyakarta', 'sales@bangunjiwo.com', 'www.domain.com', 'Aplikasi Inventori Produk Sepatu', 'Desain Web,Sistem Informasi & Software Perkantoran', 'Ervin Santoso');

-- --------------------------------------------------------

--
-- Struktur dari tabel `d_beli`
--

CREATE TABLE `d_beli` (
  `idbeli` smallint(6) NOT NULL,
  `kodebeli` char(15) NOT NULL,
  `kode_barang` char(15) NOT NULL,
  `jmlbeli` int(11) NOT NULL,
  `hargabeli` double NOT NULL
) ENGINE=InnoDB DEFAULT CHARSET=latin1;

--
-- Dumping data untuk tabel `d_beli`
--

INSERT INTO `d_beli` (`idbeli`, `kodebeli`, `kode_barang`, `jmlbeli`, `hargabeli`) VALUES
(1, 'BL00001', 'ADD221', 10, 200000),
(2, 'BL00002', 'SP0001', 1, 60000);

-- --------------------------------------------------------

--
-- Struktur dari tabel `d_beli1`
--

CREATE TABLE `d_beli1` (
  `idbeli` smallint(6) NOT NULL,
  `kodebeli` char(15) NOT NULL,
  `kode_barang` char(15) NOT NULL,
  `jmlbeli` int(11) NOT NULL,
  `hargabeli` double NOT NULL
) ENGINE=InnoDB DEFAULT CHARSET=latin1;

--
-- Dumping data untuk tabel `d_beli1`
--

INSERT INTO `d_beli1` (`idbeli`, `kodebeli`, `kode_barang`, `jmlbeli`, `hargabeli`) VALUES
(4, 'BL00001', 'ADD221', 1, 200000);

-- --------------------------------------------------------

--
-- Struktur dari tabel `d_jual`
--

CREATE TABLE `d_jual` (
  `idjual` smallint(6) NOT NULL,
  `kodejual` char(15) NOT NULL,
  `kode_barang` char(15) NOT NULL,
  `jmljual` int(11) NOT NULL,
  `hargajual` double NOT NULL,
  `diskon` double NOT NULL
) ENGINE=InnoDB DEFAULT CHARSET=latin1;

--
-- Dumping data untuk tabel `d_jual`
--

INSERT INTO `d_jual` (`idjual`, `kodejual`, `kode_barang`, `jmljual`, `hargajual`, `diskon`) VALUES
(2, 'JL00001', 'ADD221', 10, 300000, 500000);

-- --------------------------------------------------------

--
-- Struktur dari tabel `d_jual1`
--

CREATE TABLE `d_jual1` (
  `idjual` smallint(6) NOT NULL,
  `kodejual` char(15) NOT NULL,
  `kode_barang` char(15) NOT NULL,
  `jmljual` int(11) NOT NULL,
  `hargajual` double NOT NULL,
  `diskon` double NOT NULL
) ENGINE=InnoDB DEFAULT CHARSET=latin1;

--
-- Dumping data untuk tabel `d_jual1`
--

INSERT INTO `d_jual1` (`idjual`, `kodejual`, `kode_barang`, `jmljual`, `hargajual`, `diskon`) VALUES
(1, 'JL00001', 'ADD221', 2, 300000, 0);

-- --------------------------------------------------------

--
-- Struktur dari tabel `h_beli`
--

CREATE TABLE `h_beli` (
  `kodebeli` char(15) NOT NULL,
  `tglbeli` date NOT NULL,
  `kode_supplier` char(5) NOT NULL,
  `username` varchar(50) NOT NULL
) ENGINE=InnoDB DEFAULT CHARSET=latin1;

--
-- Dumping data untuk tabel `h_beli`
--

INSERT INTO `h_beli` (`kodebeli`, `tglbeli`, `kode_supplier`, `username`) VALUES
('BL00001', '2018-03-01', 'ADD22', 'administrator'),
('BL00002', '2018-03-03', 'ADD22', 'administrator');

-- --------------------------------------------------------

--
-- Struktur dari tabel `h_beli1`
--

CREATE TABLE `h_beli1` (
  `kodebeli` char(15) NOT NULL,
  `tglbeli` date NOT NULL,
  `kode_supplier` char(5) NOT NULL,
  `username` varchar(50) NOT NULL
) ENGINE=InnoDB DEFAULT CHARSET=latin1;

--
-- Dumping data untuk tabel `h_beli1`
--

INSERT INTO `h_beli1` (`kodebeli`, `tglbeli`, `kode_supplier`, `username`) VALUES
('BL00001', '2018-03-03', 'ADD22', 'administrator');

-- --------------------------------------------------------

--
-- Struktur dari tabel `h_booking`
--

CREATE TABLE `h_booking` (
  `no` int(11) NOT NULL,
  `kodebooking` char(15) NOT NULL,
  `tglbooking` date NOT NULL,
  `jatuh_tempo` date NOT NULL,
  `kode_pelanggan` char(5) NOT NULL,
  `pelanggan` varchar(50) NOT NULL,
  `keterangan` char(1) NOT NULL,
  `dp` double NOT NULL,
  `username` varchar(50) NOT NULL,
  `kode_barang` char(15) NOT NULL,
  `jmlbooking` int(11) NOT NULL
) ENGINE=InnoDB DEFAULT CHARSET=latin1;

--
-- Dumping data untuk tabel `h_booking`
--

INSERT INTO `h_booking` (`no`, `kodebooking`, `tglbooking`, `jatuh_tempo`, `kode_pelanggan`, `pelanggan`, `keterangan`, `dp`, `username`, `kode_barang`, `jmlbooking`) VALUES
(1, 'BK00001', '2018-03-03', '2018-03-03', 'UMUM', 'Yuda', '1', 540000, 'administrator', 'ADD220', 1);

-- --------------------------------------------------------

--
-- Struktur dari tabel `h_booking1`
--

CREATE TABLE `h_booking1` (
  `no` int(11) NOT NULL,
  `kodebooking` char(15) NOT NULL,
  `tglbooking` date NOT NULL,
  `jatuh_tempo` date NOT NULL,
  `kode_pelanggan` char(5) NOT NULL,
  `pelanggan` varchar(50) NOT NULL,
  `keterangan` char(1) NOT NULL,
  `dp` double NOT NULL,
  `username` varchar(50) NOT NULL,
  `kode_barang` char(15) NOT NULL,
  `jmlbooking` int(11) NOT NULL
) ENGINE=InnoDB DEFAULT CHARSET=latin1;

--
-- Dumping data untuk tabel `h_booking1`
--

INSERT INTO `h_booking1` (`no`, `kodebooking`, `tglbooking`, `jatuh_tempo`, `kode_pelanggan`, `pelanggan`, `keterangan`, `dp`, `username`, `kode_barang`, `jmlbooking`) VALUES
(1, 'BK00001', '2018-03-03', '2018-03-03', 'UMUM', 'Yuda', '1', 540000, 'administrator', 'ADD220', 1),
(2, 'BK00002', '2018-03-03', '2018-03-03', 'RES', 'Yunus', '2', 240000, 'administrator', 'ADD220', 1);

-- --------------------------------------------------------

--
-- Struktur dari tabel `h_jual`
--

CREATE TABLE `h_jual` (
  `kodejual` char(15) NOT NULL,
  `tgljual` date NOT NULL,
  `kode_pelanggan` char(5) NOT NULL,
  `username` varchar(50) NOT NULL,
  `status` char(1) NOT NULL,
  `keterangan` char(1) NOT NULL DEFAULT '1'
) ENGINE=InnoDB DEFAULT CHARSET=latin1;

--
-- Dumping data untuk tabel `h_jual`
--

INSERT INTO `h_jual` (`kodejual`, `tgljual`, `kode_pelanggan`, `username`, `status`, `keterangan`) VALUES
('JL00001', '2018-03-03', 'RES', 'administrator', '1', '1');

-- --------------------------------------------------------

--
-- Struktur dari tabel `h_jual1`
--

CREATE TABLE `h_jual1` (
  `kodejual` char(15) NOT NULL,
  `tgljual` date NOT NULL,
  `kode_pelanggan` char(5) NOT NULL,
  `username` varchar(50) NOT NULL,
  `status` char(1) NOT NULL,
  `keterangan` char(1) NOT NULL DEFAULT '1'
) ENGINE=InnoDB DEFAULT CHARSET=latin1;

--
-- Dumping data untuk tabel `h_jual1`
--

INSERT INTO `h_jual1` (`kodejual`, `tgljual`, `kode_pelanggan`, `username`, `status`, `keterangan`) VALUES
('JL00001', '2018-03-03', 'UMUM', 'administrator', '1', '2');

-- --------------------------------------------------------

--
-- Struktur dari tabel `level`
--

CREATE TABLE `level` (
  `id_level` char(2) NOT NULL,
  `level` char(30) NOT NULL
) ENGINE=InnoDB DEFAULT CHARSET=latin1;

--
-- Dumping data untuk tabel `level`
--

INSERT INTO `level` (`id_level`, `level`) VALUES
('01', 'Super Admin'),
('02', 'Admin'),
('03', 'Kasir');

-- --------------------------------------------------------

--
-- Struktur dari tabel `pelanggan`
--

CREATE TABLE `pelanggan` (
  `kode_pelanggan` char(5) NOT NULL DEFAULT '',
  `nama_pelanggan` varchar(50) NOT NULL
) ENGINE=InnoDB DEFAULT CHARSET=latin1;

--
-- Dumping data untuk tabel `pelanggan`
--

INSERT INTO `pelanggan` (`kode_pelanggan`, `nama_pelanggan`) VALUES
('DRS', 'Dropshiper'),
('RES', 'Reseller'),
('UMUM', 'User');

-- --------------------------------------------------------

--
-- Struktur dari tabel `sessions`
--

CREATE TABLE `sessions` (
  `id` varchar(128) NOT NULL,
  `ip_address` varchar(45) NOT NULL,
  `timestamp` int(10) UNSIGNED NOT NULL DEFAULT '0',
  `data` blob NOT NULL
) ENGINE=InnoDB DEFAULT CHARSET=latin1;

--
-- Dumping data untuk tabel `sessions`
--

INSERT INTO `sessions` (`id`, `ip_address`, `timestamp`, `data`) VALUES
('jtuf7d6vl7hs0dea4hvj8tbiqi44qs8f', '127.0.0.1', 1519879155, 0x5f5f63695f6c6173745f726567656e65726174657c693a313531393837393135353b6c6f676765645f696e7c733a31333a2261696e674c6f67696e59657568223b69647c4e3b757365726e616d657c733a31333a2261646d696e6973747261746f72223b6e616d615f6c656e676b61707c733a353a224f776e6572223b666f746f7c733a31323a22494d472d663130612e6a7067223b6c6576656c7c733a323a223031223b69645f73657373696f6e7c733a36303a2224327924313024692f54664f532e446863697045353561507737666b2e51334e59644e7a5332464f4a6c5a665148597a30635a2f617a6a334e676c61223b),
('lo3h4138apisatok7c4v0rfd87hup8oa', '127.0.0.1', 1519880155, 0x5f5f63695f6c6173745f726567656e65726174657c693a313531393838303135353b6c6f676765645f696e7c733a31333a2261696e674c6f67696e59657568223b69647c4e3b757365726e616d657c733a31333a2261646d696e6973747261746f72223b6e616d615f6c656e676b61707c733a353a224f776e6572223b666f746f7c733a31323a22494d472d663130612e6a7067223b6c6576656c7c733a323a223031223b69645f73657373696f6e7c733a36303a2224327924313024692f54664f532e446863697045353561507737666b2e51334e59644e7a5332464f4a6c5a665148597a30635a2f617a6a334e676c61223b),
('r36nmk2m1bn7hi9egbh1ll9ibuqb6gfp', '127.0.0.1', 1519880561, 0x5f5f63695f6c6173745f726567656e65726174657c693a313531393838303536313b6c6f676765645f696e7c733a31333a2261696e674c6f67696e59657568223b69647c4e3b757365726e616d657c733a31333a2261646d696e6973747261746f72223b6e616d615f6c656e676b61707c733a353a224f776e6572223b666f746f7c733a31323a22494d472d663130612e6a7067223b6c6576656c7c733a323a223031223b69645f73657373696f6e7c733a36303a2224327924313024692f54664f532e446863697045353561507737666b2e51334e59644e7a5332464f4a6c5a665148597a30635a2f617a6a334e676c61223b),
('20jjo6k0kua6mivd5q120ania95u5k1q', '127.0.0.1', 1519881037, 0x5f5f63695f6c6173745f726567656e65726174657c693a313531393838313033373b6c6f676765645f696e7c733a31333a2261696e674c6f67696e59657568223b69647c4e3b757365726e616d657c733a31333a2261646d696e6973747261746f72223b6e616d615f6c656e676b61707c733a353a224f776e6572223b666f746f7c733a31323a22494d472d663130612e6a7067223b6c6576656c7c733a323a223031223b69645f73657373696f6e7c733a36303a2224327924313024692f54664f532e446863697045353561507737666b2e51334e59644e7a5332464f4a6c5a665148597a30635a2f617a6a334e676c61223b),
('818nmhghgr49fvakr7ki41ttqj6g9qu5', '127.0.0.1', 1519882063, 0x5f5f63695f6c6173745f726567656e65726174657c693a313531393838323036333b6c6f676765645f696e7c733a31333a2261696e674c6f67696e59657568223b69647c4e3b757365726e616d657c733a31333a2261646d696e6973747261746f72223b6e616d615f6c656e676b61707c733a353a224f776e6572223b666f746f7c733a31323a22494d472d663130612e6a7067223b6c6576656c7c733a323a223031223b69645f73657373696f6e7c733a36303a2224327924313024692f54664f532e446863697045353561507737666b2e51334e59644e7a5332464f4a6c5a665148597a30635a2f617a6a334e676c61223b),
('bgq0p35ohs1av98j0ghfkn1p6fdnlg3a', '127.0.0.1', 1519882384, 0x5f5f63695f6c6173745f726567656e65726174657c693a313531393838323338343b6c6f676765645f696e7c733a31333a2261696e674c6f67696e59657568223b69647c4e3b757365726e616d657c733a31333a2261646d696e6973747261746f72223b6e616d615f6c656e676b61707c733a353a224f776e6572223b666f746f7c733a31323a22494d472d663130612e6a7067223b6c6576656c7c733a323a223031223b69645f73657373696f6e7c733a36303a2224327924313024692f54664f532e446863697045353561507737666b2e51334e59644e7a5332464f4a6c5a665148597a30635a2f617a6a334e676c61223b),
('d5r0sfm7kc24869o2cmjvau77rukg7je', '127.0.0.1', 1519882689, 0x5f5f63695f6c6173745f726567656e65726174657c693a313531393838323638393b6c6f676765645f696e7c733a31333a2261696e674c6f67696e59657568223b69647c4e3b757365726e616d657c733a31333a2261646d696e6973747261746f72223b6e616d615f6c656e676b61707c733a353a224f776e6572223b666f746f7c733a31323a22494d472d663130612e6a7067223b6c6576656c7c733a323a223031223b69645f73657373696f6e7c733a36303a2224327924313024692f54664f532e446863697045353561507737666b2e51334e59644e7a5332464f4a6c5a665148597a30635a2f617a6a334e676c61223b),
('fr39fpe8o6ph04edvcoiobtldgrpa9k8', '127.0.0.1', 1519883391, 0x5f5f63695f6c6173745f726567656e65726174657c693a313531393838333339313b6c6f676765645f696e7c733a31333a2261696e674c6f67696e59657568223b69647c4e3b757365726e616d657c733a343a2275736572223b6e616d615f6c656e676b61707c733a383a224865726d6177616e223b666f746f7c733a31323a226176612d383833362e706e67223b6c6576656c7c733a323a223033223b69645f73657373696f6e7c733a36303a222432792431302450396b724b37597566612e5a597552354e4d56574b75504c564e4761326658774b6946706d39722f4f4245722e594a6f2e37656c36223b),
('7vdm64htne7091ln9qsf3cbafsg6ha2f', '127.0.0.1', 1519883700, 0x5f5f63695f6c6173745f726567656e65726174657c693a313531393838333730303b6c6f676765645f696e7c733a31333a2261696e674c6f67696e59657568223b69647c4e3b757365726e616d657c733a343a2275736572223b6e616d615f6c656e676b61707c733a383a224865726d6177616e223b666f746f7c733a31323a226176612d383833362e706e67223b6c6576656c7c733a323a223033223b69645f73657373696f6e7c733a36303a222432792431302450396b724b37597566612e5a597552354e4d56574b75504c564e4761326658774b6946706d39722f4f4245722e594a6f2e37656c36223b),
('gho3j0ojjmg01uq9dk6g63gkndp8m1cl', '127.0.0.1', 1519884024, 0x5f5f63695f6c6173745f726567656e65726174657c693a313531393838343032343b6c6f676765645f696e7c733a31333a2261696e674c6f67696e59657568223b69647c4e3b757365726e616d657c733a343a2275736572223b6e616d615f6c656e676b61707c733a383a224865726d6177616e223b666f746f7c733a31323a226176612d383833362e706e67223b6c6576656c7c733a323a223033223b69645f73657373696f6e7c733a36303a222432792431302450396b724b37597566612e5a597552354e4d56574b75504c564e4761326658774b6946706d39722f4f4245722e594a6f2e37656c36223b),
('rn95tjdb1fs70ercbesl0781c3402qvc', '127.0.0.1', 1519884593, 0x5f5f63695f6c6173745f726567656e65726174657c693a313531393838343539333b6c6f676765645f696e7c733a31333a2261696e674c6f67696e59657568223b69647c4e3b757365726e616d657c733a31333a2261646d696e6973747261746f72223b6e616d615f6c656e676b61707c733a353a224f776e6572223b666f746f7c733a31323a22494d472d663130612e6a7067223b6c6576656c7c733a323a223031223b69645f73657373696f6e7c733a36303a2224327924313024692f54664f532e446863697045353561507737666b2e51334e59644e7a5332464f4a6c5a665148597a30635a2f617a6a334e676c61223b),
('jkd21ripnbshnb0duqmp2h07ma3or885', '127.0.0.1', 1519884917, 0x5f5f63695f6c6173745f726567656e65726174657c693a313531393838343931373b6c6f676765645f696e7c733a31333a2261696e674c6f67696e59657568223b69647c4e3b757365726e616d657c733a31333a2261646d696e6973747261746f72223b6e616d615f6c656e676b61707c733a353a224f776e6572223b666f746f7c733a31323a22494d472d663130612e6a7067223b6c6576656c7c733a323a223031223b69645f73657373696f6e7c733a36303a2224327924313024692f54664f532e446863697045353561507737666b2e51334e59644e7a5332464f4a6c5a665148597a30635a2f617a6a334e676c61223b),
('fnm43a1qk1hh637et4lku19ebmqls2q8', '127.0.0.1', 1519885334, 0x5f5f63695f6c6173745f726567656e65726174657c693a313531393838353333343b6c6f676765645f696e7c733a31333a2261696e674c6f67696e59657568223b69647c4e3b757365726e616d657c733a31333a2261646d696e6973747261746f72223b6e616d615f6c656e676b61707c733a353a224f776e6572223b666f746f7c733a31323a22494d472d663130612e6a7067223b6c6576656c7c733a323a223031223b69645f73657373696f6e7c733a36303a2224327924313024692f54664f532e446863697045353561507737666b2e51334e59644e7a5332464f4a6c5a665148597a30635a2f617a6a334e676c61223b),
('86e9jdkum06anaq9jk8174kfdikg0n2k', '127.0.0.1', 1519885747, 0x5f5f63695f6c6173745f726567656e65726174657c693a313531393838353734373b6c6f676765645f696e7c733a31333a2261696e674c6f67696e59657568223b69647c4e3b757365726e616d657c733a31333a2261646d696e6973747261746f72223b6e616d615f6c656e676b61707c733a353a224f776e6572223b666f746f7c733a31323a22494d472d663130612e6a7067223b6c6576656c7c733a323a223031223b69645f73657373696f6e7c733a36303a2224327924313024692f54664f532e446863697045353561507737666b2e51334e59644e7a5332464f4a6c5a665148597a30635a2f617a6a334e676c61223b),
('ucfhfnpi6d0e5ggaqfip9rqnd046rb7b', '127.0.0.1', 1519886084, 0x5f5f63695f6c6173745f726567656e65726174657c693a313531393838363038343b6c6f676765645f696e7c733a31333a2261696e674c6f67696e59657568223b69647c4e3b757365726e616d657c733a31333a2261646d696e6973747261746f72223b6e616d615f6c656e676b61707c733a353a224f776e6572223b666f746f7c733a31323a22494d472d663130612e6a7067223b6c6576656c7c733a323a223031223b69645f73657373696f6e7c733a36303a2224327924313024692f54664f532e446863697045353561507737666b2e51334e59644e7a5332464f4a6c5a665148597a30635a2f617a6a334e676c61223b),
('et61hlifl97t3g06v1f88hsjhtchl27b', '127.0.0.1', 1519886698, 0x5f5f63695f6c6173745f726567656e65726174657c693a313531393838363639383b6c6f676765645f696e7c733a31333a2261696e674c6f67696e59657568223b69647c4e3b757365726e616d657c733a31333a2261646d696e6973747261746f72223b6e616d615f6c656e676b61707c733a353a224f776e6572223b666f746f7c733a31323a22494d472d663130612e6a7067223b6c6576656c7c733a323a223031223b69645f73657373696f6e7c733a36303a2224327924313024692f54664f532e446863697045353561507737666b2e51334e59644e7a5332464f4a6c5a665148597a30635a2f617a6a334e676c61223b),
('h2e559o92u4133jimvp9rb11j3l9mmgv', '127.0.0.1', 1519887006, 0x5f5f63695f6c6173745f726567656e65726174657c693a313531393838373030363b6c6f676765645f696e7c733a31333a2261696e674c6f67696e59657568223b69647c4e3b757365726e616d657c733a31333a2261646d696e6973747261746f72223b6e616d615f6c656e676b61707c733a353a224f776e6572223b666f746f7c733a31323a22494d472d663130612e6a7067223b6c6576656c7c733a323a223031223b69645f73657373696f6e7c733a36303a2224327924313024692f54664f532e446863697045353561507737666b2e51334e59644e7a5332464f4a6c5a665148597a30635a2f617a6a334e676c61223b),
('7darli3ppsri3p4ite0jdufq7emrfg1v', '127.0.0.1', 1519887395, 0x5f5f63695f6c6173745f726567656e65726174657c693a313531393838373339353b6c6f676765645f696e7c733a31333a2261696e674c6f67696e59657568223b69647c4e3b757365726e616d657c733a31333a2261646d696e6973747261746f72223b6e616d615f6c656e676b61707c733a353a224f776e6572223b666f746f7c733a31323a22494d472d663130612e6a7067223b6c6576656c7c733a323a223031223b69645f73657373696f6e7c733a36303a2224327924313024692f54664f532e446863697045353561507737666b2e51334e59644e7a5332464f4a6c5a665148597a30635a2f617a6a334e676c61223b),
('401geu2rm4icvm4tv70qdh3t87cvl2qc', '127.0.0.1', 1519887728, 0x5f5f63695f6c6173745f726567656e65726174657c693a313531393838373732383b6c6f676765645f696e7c733a31333a2261696e674c6f67696e59657568223b69647c4e3b757365726e616d657c733a31333a2261646d696e6973747261746f72223b6e616d615f6c656e676b61707c733a353a224f776e6572223b666f746f7c733a31323a22494d472d663130612e6a7067223b6c6576656c7c733a323a223031223b69645f73657373696f6e7c733a36303a2224327924313024692f54664f532e446863697045353561507737666b2e51334e59644e7a5332464f4a6c5a665148597a30635a2f617a6a334e676c61223b),
('0mn5i52m6s6luai7pm93umhdv8lqu38l', '127.0.0.1', 1519888096, 0x5f5f63695f6c6173745f726567656e65726174657c693a313531393838383039363b6c6f676765645f696e7c733a31333a2261696e674c6f67696e59657568223b69647c4e3b757365726e616d657c733a31333a2261646d696e6973747261746f72223b6e616d615f6c656e676b61707c733a353a224f776e6572223b666f746f7c733a31323a22494d472d663130612e6a7067223b6c6576656c7c733a323a223031223b69645f73657373696f6e7c733a36303a2224327924313024692f54664f532e446863697045353561507737666b2e51334e59644e7a5332464f4a6c5a665148597a30635a2f617a6a334e676c61223b),
('tiib84affu1l51rag6led0qiq2kitf1p', '127.0.0.1', 1519888406, 0x5f5f63695f6c6173745f726567656e65726174657c693a313531393838383430363b6c6f676765645f696e7c733a31333a2261696e674c6f67696e59657568223b69647c4e3b757365726e616d657c733a31333a2261646d696e6973747261746f72223b6e616d615f6c656e676b61707c733a353a224f776e6572223b666f746f7c733a31323a22494d472d663130612e6a7067223b6c6576656c7c733a323a223031223b69645f73657373696f6e7c733a36303a2224327924313024692f54664f532e446863697045353561507737666b2e51334e59644e7a5332464f4a6c5a665148597a30635a2f617a6a334e676c61223b),
('4k3psp6lhpsemp1j3r5t9g75tdrhsl0t', '127.0.0.1', 1519888708, 0x5f5f63695f6c6173745f726567656e65726174657c693a313531393838383730383b6c6f676765645f696e7c733a31333a2261696e674c6f67696e59657568223b69647c4e3b757365726e616d657c733a31333a2261646d696e6973747261746f72223b6e616d615f6c656e676b61707c733a353a224f776e6572223b666f746f7c733a31323a22494d472d663130612e6a7067223b6c6576656c7c733a323a223031223b69645f73657373696f6e7c733a36303a2224327924313024692f54664f532e446863697045353561507737666b2e51334e59644e7a5332464f4a6c5a665148597a30635a2f617a6a334e676c61223b),
('d1fbp2pfk2knq1n280k0n1l336b4sf68', '127.0.0.1', 1519889038, 0x5f5f63695f6c6173745f726567656e65726174657c693a313531393838393033383b6c6f676765645f696e7c733a31333a2261696e674c6f67696e59657568223b69647c4e3b757365726e616d657c733a31333a2261646d696e6973747261746f72223b6e616d615f6c656e676b61707c733a353a224f776e6572223b666f746f7c733a31323a22494d472d663130612e6a7067223b6c6576656c7c733a323a223031223b69645f73657373696f6e7c733a36303a2224327924313024692f54664f532e446863697045353561507737666b2e51334e59644e7a5332464f4a6c5a665148597a30635a2f617a6a334e676c61223b),
('f0uqpd6jcadevbnirlvot8q8941b3r6u', '127.0.0.1', 1519889431, 0x5f5f63695f6c6173745f726567656e65726174657c693a313531393838393433313b6c6f676765645f696e7c733a31333a2261696e674c6f67696e59657568223b69647c4e3b757365726e616d657c733a31333a2261646d696e6973747261746f72223b6e616d615f6c656e676b61707c733a353a224f776e6572223b666f746f7c733a31323a22494d472d663130612e6a7067223b6c6576656c7c733a323a223031223b69645f73657373696f6e7c733a36303a2224327924313024692f54664f532e446863697045353561507737666b2e51334e59644e7a5332464f4a6c5a665148597a30635a2f617a6a334e676c61223b),
('n78qi6nb2brdp7oha56ic1uakkatc0fv', '127.0.0.1', 1519889805, 0x5f5f63695f6c6173745f726567656e65726174657c693a313531393838393830353b6c6f676765645f696e7c733a31333a2261696e674c6f67696e59657568223b69647c4e3b757365726e616d657c733a31333a2261646d696e6973747261746f72223b6e616d615f6c656e676b61707c733a353a224f776e6572223b666f746f7c733a31323a22494d472d663130612e6a7067223b6c6576656c7c733a323a223031223b69645f73657373696f6e7c733a36303a2224327924313024692f54664f532e446863697045353561507737666b2e51334e59644e7a5332464f4a6c5a665148597a30635a2f617a6a334e676c61223b),
('k17vvi2qjkngtvlfi2cdc4sa6494ibeh', '127.0.0.1', 1519890577, 0x5f5f63695f6c6173745f726567656e65726174657c693a313531393839303537373b6c6f676765645f696e7c733a31333a2261696e674c6f67696e59657568223b69647c4e3b757365726e616d657c733a31333a2261646d696e6973747261746f72223b6e616d615f6c656e676b61707c733a353a224f776e6572223b666f746f7c733a31323a22494d472d663130612e6a7067223b6c6576656c7c733a323a223031223b69645f73657373696f6e7c733a36303a2224327924313024692f54664f532e446863697045353561507737666b2e51334e59644e7a5332464f4a6c5a665148597a30635a2f617a6a334e676c61223b),
('k3hj6r5t2jt7avrmgs0s5mtjkljon77i', '127.0.0.1', 1519890892, 0x5f5f63695f6c6173745f726567656e65726174657c693a313531393839303839323b6c6f676765645f696e7c733a31333a2261696e674c6f67696e59657568223b69647c4e3b757365726e616d657c733a31333a2261646d696e6973747261746f72223b6e616d615f6c656e676b61707c733a353a224f776e6572223b666f746f7c733a31323a22494d472d663130612e6a7067223b6c6576656c7c733a323a223031223b69645f73657373696f6e7c733a36303a2224327924313024692f54664f532e446863697045353561507737666b2e51334e59644e7a5332464f4a6c5a665148597a30635a2f617a6a334e676c61223b),
('06mvfbi2vos22nrvqh9r4ip6ogmopuml', '127.0.0.1', 1519891210, 0x5f5f63695f6c6173745f726567656e65726174657c693a313531393839313231303b6c6f676765645f696e7c733a31333a2261696e674c6f67696e59657568223b69647c4e3b757365726e616d657c733a31333a2261646d696e6973747261746f72223b6e616d615f6c656e676b61707c733a353a224f776e6572223b666f746f7c733a31323a22494d472d663130612e6a7067223b6c6576656c7c733a323a223031223b69645f73657373696f6e7c733a36303a2224327924313024692f54664f532e446863697045353561507737666b2e51334e59644e7a5332464f4a6c5a665148597a30635a2f617a6a334e676c61223b),
('a8pjoijv699hv34ttmntcpdls8na5rpd', '127.0.0.1', 1519891518, 0x5f5f63695f6c6173745f726567656e65726174657c693a313531393839313531383b6c6f676765645f696e7c733a31333a2261696e674c6f67696e59657568223b69647c4e3b757365726e616d657c733a31333a2261646d696e6973747261746f72223b6e616d615f6c656e676b61707c733a353a224f776e6572223b666f746f7c733a31323a22494d472d663130612e6a7067223b6c6576656c7c733a323a223031223b69645f73657373696f6e7c733a36303a2224327924313024692f54664f532e446863697045353561507737666b2e51334e59644e7a5332464f4a6c5a665148597a30635a2f617a6a334e676c61223b),
('8kv9u0v5m32dob0f08rie1fh30trg4ab', '127.0.0.1', 1519892300, 0x5f5f63695f6c6173745f726567656e65726174657c693a313531393839323330303b6c6f676765645f696e7c733a31333a2261696e674c6f67696e59657568223b69647c4e3b757365726e616d657c733a31333a2261646d696e6973747261746f72223b6e616d615f6c656e676b61707c733a353a224f776e6572223b666f746f7c733a31323a22494d472d663130612e6a7067223b6c6576656c7c733a323a223031223b69645f73657373696f6e7c733a36303a2224327924313024692f54664f532e446863697045353561507737666b2e51334e59644e7a5332464f4a6c5a665148597a30635a2f617a6a334e676c61223b),
('r8a2pulcl0cg8atrvpk94hialsghl6s2', '127.0.0.1', 1519892631, 0x5f5f63695f6c6173745f726567656e65726174657c693a313531393839323633313b6c6f676765645f696e7c733a31333a2261696e674c6f67696e59657568223b69647c4e3b757365726e616d657c733a31333a2261646d696e6973747261746f72223b6e616d615f6c656e676b61707c733a353a224f776e6572223b666f746f7c733a31323a22494d472d663130612e6a7067223b6c6576656c7c733a323a223031223b69645f73657373696f6e7c733a36303a2224327924313024692f54664f532e446863697045353561507737666b2e51334e59644e7a5332464f4a6c5a665148597a30635a2f617a6a334e676c61223b),
('b03dhdi2ibg6l6oao7f8pf5u9tb4e9ga', '127.0.0.1', 1519892948, 0x5f5f63695f6c6173745f726567656e65726174657c693a313531393839323934383b6c6f676765645f696e7c733a31333a2261696e674c6f67696e59657568223b69647c4e3b757365726e616d657c733a31333a2261646d696e6973747261746f72223b6e616d615f6c656e676b61707c733a353a224f776e6572223b666f746f7c733a31323a22494d472d663130612e6a7067223b6c6576656c7c733a323a223031223b69645f73657373696f6e7c733a36303a2224327924313024692f54664f532e446863697045353561507737666b2e51334e59644e7a5332464f4a6c5a665148597a30635a2f617a6a334e676c61223b),
('hhv9uoenfkvbmauuc3qvd3emf99q8fik', '127.0.0.1', 1519893669, 0x5f5f63695f6c6173745f726567656e65726174657c693a313531393839333636393b6c6f676765645f696e7c733a31333a2261696e674c6f67696e59657568223b69647c4e3b757365726e616d657c733a31333a2261646d696e6973747261746f72223b6e616d615f6c656e676b61707c733a353a224f776e6572223b666f746f7c733a31323a22494d472d663130612e6a7067223b6c6576656c7c733a323a223031223b69645f73657373696f6e7c733a36303a2224327924313024692f54664f532e446863697045353561507737666b2e51334e59644e7a5332464f4a6c5a665148597a30635a2f617a6a334e676c61223b),
('j470k5djl1mf8ia04h92cg3osg5lminh', '127.0.0.1', 1519894174, 0x5f5f63695f6c6173745f726567656e65726174657c693a313531393839343137343b6c6f676765645f696e7c733a31333a2261696e674c6f67696e59657568223b69647c4e3b757365726e616d657c733a343a2275736572223b6e616d615f6c656e676b61707c733a383a224865726d6177616e223b666f746f7c733a31323a226176612d383833362e706e67223b6c6576656c7c733a323a223033223b69645f73657373696f6e7c733a36303a222432792431302450396b724b37597566612e5a597552354e4d56574b75504c564e4761326658774b6946706d39722f4f4245722e594a6f2e37656c36223b),
('n841vpk83krc282o1hrosc6c32jomigl', '127.0.0.1', 1519894563, 0x5f5f63695f6c6173745f726567656e65726174657c693a313531393839343536333b6c6f676765645f696e7c733a31333a2261696e674c6f67696e59657568223b69647c4e3b757365726e616d657c733a31333a2261646d696e6973747261746f72223b6e616d615f6c656e676b61707c733a353a224f776e6572223b666f746f7c733a31323a22494d472d663130612e6a7067223b6c6576656c7c733a323a223031223b69645f73657373696f6e7c733a36303a2224327924313024692f54664f532e446863697045353561507737666b2e51334e59644e7a5332464f4a6c5a665148597a30635a2f617a6a334e676c61223b),
('mrcdpu688gv11h7t7mdqrm586g8l39ko', '127.0.0.1', 1519894870, 0x5f5f63695f6c6173745f726567656e65726174657c693a313531393839343837303b6c6f676765645f696e7c733a31333a2261696e674c6f67696e59657568223b69647c4e3b757365726e616d657c733a31333a2261646d696e6973747261746f72223b6e616d615f6c656e676b61707c733a353a224f776e6572223b666f746f7c733a31323a22494d472d663130612e6a7067223b6c6576656c7c733a323a223031223b69645f73657373696f6e7c733a36303a2224327924313024692f54664f532e446863697045353561507737666b2e51334e59644e7a5332464f4a6c5a665148597a30635a2f617a6a334e676c61223b),
('jpcnkhs1kmh3615q3eq1ot5t2mvo97le', '127.0.0.1', 1519895703, 0x5f5f63695f6c6173745f726567656e65726174657c693a313531393839353730333b6c6f676765645f696e7c733a31333a2261696e674c6f67696e59657568223b69647c4e3b757365726e616d657c733a363a22677564616e67223b6e616d615f6c656e676b61707c733a353a2259756e7573223b666f746f7c733a31323a226176612d363737662e706e67223b6c6576656c7c733a323a223032223b69645f73657373696f6e7c733a36303a222432792431302442635a36682f6d54512e79742f38556b72536449762e6d4b337845426b49462f4b64596f4432426e652f706a4a4d47455174586353223b),
('3k98te91feeh210u9h3oa3mc00r8feu2', '127.0.0.1', 1519896327, 0x5f5f63695f6c6173745f726567656e65726174657c693a313531393839363332373b6c6f676765645f696e7c733a31333a2261696e674c6f67696e59657568223b69647c4e3b757365726e616d657c733a31333a2261646d696e6973747261746f72223b6e616d615f6c656e676b61707c733a353a224f776e6572223b666f746f7c733a31323a22494d472d663130612e6a7067223b6c6576656c7c733a323a223031223b69645f73657373696f6e7c733a36303a2224327924313024692f54664f532e446863697045353561507737666b2e51334e59644e7a5332464f4a6c5a665148597a30635a2f617a6a334e676c61223b),
('nmhu8el5h1r3ia1p7rn7374831o2vjh3', '127.0.0.1', 1519897077, 0x5f5f63695f6c6173745f726567656e65726174657c693a313531393839373037373b6c6f676765645f696e7c733a31333a2261696e674c6f67696e59657568223b69647c4e3b757365726e616d657c733a31333a2261646d696e6973747261746f72223b6e616d615f6c656e676b61707c733a353a224f776e6572223b666f746f7c733a31323a22494d472d663130612e6a7067223b6c6576656c7c733a323a223031223b69645f73657373696f6e7c733a36303a2224327924313024692f54664f532e446863697045353561507737666b2e51334e59644e7a5332464f4a6c5a665148597a30635a2f617a6a334e676c61223b),
('l49172uplt3n3ta64if7r1hfps1tp0kn', '127.0.0.1', 1519897722, 0x5f5f63695f6c6173745f726567656e65726174657c693a313531393839373732323b6c6f676765645f696e7c733a31333a2261696e674c6f67696e59657568223b69647c4e3b757365726e616d657c733a31333a2261646d696e6973747261746f72223b6e616d615f6c656e676b61707c733a353a224f776e6572223b666f746f7c733a31323a22494d472d663130612e6a7067223b6c6576656c7c733a323a223031223b69645f73657373696f6e7c733a36303a2224327924313024692f54664f532e446863697045353561507737666b2e51334e59644e7a5332464f4a6c5a665148597a30635a2f617a6a334e676c61223b),
('q498dnmqtt9h8mj35s4mf5u76dojetc6', '127.0.0.1', 1519898023, 0x5f5f63695f6c6173745f726567656e65726174657c693a313531393839383032333b6c6f676765645f696e7c733a31333a2261696e674c6f67696e59657568223b69647c4e3b757365726e616d657c733a31333a2261646d696e6973747261746f72223b6e616d615f6c656e676b61707c733a353a224f776e6572223b666f746f7c733a31323a22494d472d663130612e6a7067223b6c6576656c7c733a323a223031223b69645f73657373696f6e7c733a36303a2224327924313024692f54664f532e446863697045353561507737666b2e51334e59644e7a5332464f4a6c5a665148597a30635a2f617a6a334e676c61223b),
('ubq1fp1mdruba6e7kfkjsrfmdethd1b5', '127.0.0.1', 1519898291, 0x5f5f63695f6c6173745f726567656e65726174657c693a313531393839383032333b6c6f676765645f696e7c733a31333a2261696e674c6f67696e59657568223b69647c4e3b757365726e616d657c733a31333a2261646d696e6973747261746f72223b6e616d615f6c656e676b61707c733a353a224f776e6572223b666f746f7c733a31323a22494d472d663130612e6a7067223b6c6576656c7c733a323a223031223b69645f73657373696f6e7c733a36303a2224327924313024692f54664f532e446863697045353561507737666b2e51334e59644e7a5332464f4a6c5a665148597a30635a2f617a6a334e676c61223b),
('1fg7bq0osm6t8khmlmspf7kg9g0pkd35', '127.0.0.1', 1519961404, 0x5f5f63695f6c6173745f726567656e65726174657c693a313531393936313430343b6c6f676765645f696e7c733a31333a2261696e674c6f67696e59657568223b69647c4e3b757365726e616d657c733a31333a2261646d696e6973747261746f72223b6e616d615f6c656e676b61707c733a353a224f776e6572223b666f746f7c733a31323a22494d472d663130612e6a7067223b6c6576656c7c733a323a223031223b69645f73657373696f6e7c733a36303a2224327924313024692f54664f532e446863697045353561507737666b2e51334e59644e7a5332464f4a6c5a665148597a30635a2f617a6a334e676c61223b),
('1hu8pigqk7483f0v6m5nbc5onmgd5mr0', '127.0.0.1', 1519962636, 0x5f5f63695f6c6173745f726567656e65726174657c693a313531393936313430343b6c6f676765645f696e7c733a31333a2261696e674c6f67696e59657568223b69647c4e3b757365726e616d657c733a31333a2261646d696e6973747261746f72223b6e616d615f6c656e676b61707c733a353a224f776e6572223b666f746f7c733a31323a22494d472d663130612e6a7067223b6c6576656c7c733a323a223031223b69645f73657373696f6e7c733a36303a2224327924313024692f54664f532e446863697045353561507737666b2e51334e59644e7a5332464f4a6c5a665148597a30635a2f617a6a334e676c61223b),
('m96fbgkqsitb2ft3buqa08nivtsdpvd8', '127.0.0.1', 1519982217, 0x5f5f63695f6c6173745f726567656e65726174657c693a313531393938323231373b6c6f676765645f696e7c733a31333a2261696e674c6f67696e59657568223b69647c4e3b757365726e616d657c733a31333a2261646d696e6973747261746f72223b6e616d615f6c656e676b61707c733a353a224f776e6572223b666f746f7c733a31323a22494d472d663130612e6a7067223b6c6576656c7c733a323a223031223b69645f73657373696f6e7c733a36303a2224327924313024692f54664f532e446863697045353561507737666b2e51334e59644e7a5332464f4a6c5a665148597a30635a2f617a6a334e676c61223b),
('3b3cd2sqbookvsfj6qgqvd7ret4f11q6', '127.0.0.1', 1519982523, 0x5f5f63695f6c6173745f726567656e65726174657c693a313531393938323532333b6c6f676765645f696e7c733a31333a2261696e674c6f67696e59657568223b69647c4e3b757365726e616d657c733a31333a2261646d696e6973747261746f72223b6e616d615f6c656e676b61707c733a353a224f776e6572223b666f746f7c733a31323a22494d472d663130612e6a7067223b6c6576656c7c733a323a223031223b69645f73657373696f6e7c733a36303a2224327924313024692f54664f532e446863697045353561507737666b2e51334e59644e7a5332464f4a6c5a665148597a30635a2f617a6a334e676c61223b),
('pn6t44cg50louehqve23mv1fi8cdijbn', '127.0.0.1', 1519983036, 0x5f5f63695f6c6173745f726567656e65726174657c693a313531393938333033363b6c6f676765645f696e7c733a31333a2261696e674c6f67696e59657568223b69647c4e3b757365726e616d657c733a31333a2261646d696e6973747261746f72223b6e616d615f6c656e676b61707c733a353a224f776e6572223b666f746f7c733a31323a22494d472d663130612e6a7067223b6c6576656c7c733a323a223031223b69645f73657373696f6e7c733a36303a2224327924313024692f54664f532e446863697045353561507737666b2e51334e59644e7a5332464f4a6c5a665148597a30635a2f617a6a334e676c61223b),
('53jb33s7hkvpm0phkodiskrt1uniqked', '127.0.0.1', 1519983343, 0x5f5f63695f6c6173745f726567656e65726174657c693a313531393938333334333b6c6f676765645f696e7c733a31333a2261696e674c6f67696e59657568223b69647c4e3b757365726e616d657c733a31333a2261646d696e6973747261746f72223b6e616d615f6c656e676b61707c733a353a224f776e6572223b666f746f7c733a31323a22494d472d663130612e6a7067223b6c6576656c7c733a323a223031223b69645f73657373696f6e7c733a36303a2224327924313024692f54664f532e446863697045353561507737666b2e51334e59644e7a5332464f4a6c5a665148597a30635a2f617a6a334e676c61223b),
('9qqtv6hsb3tpn7b0p0b9jisv8odrrctn', '127.0.0.1', 1519983702, 0x5f5f63695f6c6173745f726567656e65726174657c693a313531393938333730323b6c6f676765645f696e7c733a31333a2261696e674c6f67696e59657568223b69647c4e3b757365726e616d657c733a31333a2261646d696e6973747261746f72223b6e616d615f6c656e676b61707c733a353a224f776e6572223b666f746f7c733a31323a22494d472d663130612e6a7067223b6c6576656c7c733a323a223031223b69645f73657373696f6e7c733a36303a2224327924313024692f54664f532e446863697045353561507737666b2e51334e59644e7a5332464f4a6c5a665148597a30635a2f617a6a334e676c61223b),
('18rrk1ia7mpci4e1gjiir3h1ajal40k8', '127.0.0.1', 1519984010, 0x5f5f63695f6c6173745f726567656e65726174657c693a313531393938343031303b6c6f676765645f696e7c733a31333a2261696e674c6f67696e59657568223b69647c4e3b757365726e616d657c733a31333a2261646d696e6973747261746f72223b6e616d615f6c656e676b61707c733a353a224f776e6572223b666f746f7c733a31323a22494d472d663130612e6a7067223b6c6576656c7c733a323a223031223b69645f73657373696f6e7c733a36303a2224327924313024692f54664f532e446863697045353561507737666b2e51334e59644e7a5332464f4a6c5a665148597a30635a2f617a6a334e676c61223b),
('ckb83f557mi29f09clorau2b6ip0ig3l', '127.0.0.1', 1519984391, 0x5f5f63695f6c6173745f726567656e65726174657c693a313531393938343339313b6c6f676765645f696e7c733a31333a2261696e674c6f67696e59657568223b69647c4e3b757365726e616d657c733a31333a2261646d696e6973747261746f72223b6e616d615f6c656e676b61707c733a353a224f776e6572223b666f746f7c733a31323a22494d472d663130612e6a7067223b6c6576656c7c733a323a223031223b69645f73657373696f6e7c733a36303a2224327924313024692f54664f532e446863697045353561507737666b2e51334e59644e7a5332464f4a6c5a665148597a30635a2f617a6a334e676c61223b),
('qqsjvac3gesjpol0urk4rapusgh33kd1', '127.0.0.1', 1519984702, 0x5f5f63695f6c6173745f726567656e65726174657c693a313531393938343730323b6c6f676765645f696e7c733a31333a2261696e674c6f67696e59657568223b69647c4e3b757365726e616d657c733a31333a2261646d696e6973747261746f72223b6e616d615f6c656e676b61707c733a353a224f776e6572223b666f746f7c733a31323a22494d472d663130612e6a7067223b6c6576656c7c733a323a223031223b69645f73657373696f6e7c733a36303a2224327924313024692f54664f532e446863697045353561507737666b2e51334e59644e7a5332464f4a6c5a665148597a30635a2f617a6a334e676c61223b),
('odfovu19mtd21rmfksht1r74at9uqt7i', '127.0.0.1', 1519984835, 0x5f5f63695f6c6173745f726567656e65726174657c693a313531393938343730323b6c6f676765645f696e7c733a31333a2261696e674c6f67696e59657568223b69647c4e3b757365726e616d657c733a31333a2261646d696e6973747261746f72223b6e616d615f6c656e676b61707c733a353a224f776e6572223b666f746f7c733a31323a22494d472d663130612e6a7067223b6c6576656c7c733a323a223031223b69645f73657373696f6e7c733a36303a2224327924313024692f54664f532e446863697045353561507737666b2e51334e59644e7a5332464f4a6c5a665148597a30635a2f617a6a334e676c61223b),
('g9htu5effl0vqeap7hs1c5gv9rs0jehr', '127.0.0.1', 1520042633, 0x5f5f63695f6c6173745f726567656e65726174657c693a313532303034323633333b6c6f676765645f696e7c733a31333a2261696e674c6f67696e59657568223b69647c4e3b757365726e616d657c733a31333a2261646d696e6973747261746f72223b6e616d615f6c656e676b61707c733a353a224f776e6572223b666f746f7c733a31323a22494d472d663130612e6a7067223b6c6576656c7c733a323a223031223b69645f73657373696f6e7c733a36303a2224327924313024692f54664f532e446863697045353561507737666b2e51334e59644e7a5332464f4a6c5a665148597a30635a2f617a6a334e676c61223b),
('hp9cl18klbpoqnfq4jrbgclr0k4jc8m7', '127.0.0.1', 1520042948, 0x5f5f63695f6c6173745f726567656e65726174657c693a313532303034323934383b6c6f676765645f696e7c733a31333a2261696e674c6f67696e59657568223b69647c4e3b757365726e616d657c733a31333a2261646d696e6973747261746f72223b6e616d615f6c656e676b61707c733a353a224f776e6572223b666f746f7c733a31323a22494d472d663130612e6a7067223b6c6576656c7c733a323a223031223b69645f73657373696f6e7c733a36303a2224327924313024692f54664f532e446863697045353561507737666b2e51334e59644e7a5332464f4a6c5a665148597a30635a2f617a6a334e676c61223b),
('7v341khlf2838vh6sktsqe4g0265vrqb', '127.0.0.1', 1520043259, 0x5f5f63695f6c6173745f726567656e65726174657c693a313532303034333235393b6c6f676765645f696e7c733a31333a2261696e674c6f67696e59657568223b69647c4e3b757365726e616d657c733a31333a2261646d696e6973747261746f72223b6e616d615f6c656e676b61707c733a353a224f776e6572223b666f746f7c733a31323a22494d472d663130612e6a7067223b6c6576656c7c733a323a223031223b69645f73657373696f6e7c733a36303a2224327924313024692f54664f532e446863697045353561507737666b2e51334e59644e7a5332464f4a6c5a665148597a30635a2f617a6a334e676c61223b),
('2nhfld3oqa27uunivc4d9800tccbl0ge', '127.0.0.1', 1520043588, 0x5f5f63695f6c6173745f726567656e65726174657c693a313532303034333538383b6c6f676765645f696e7c733a31333a2261696e674c6f67696e59657568223b69647c4e3b757365726e616d657c733a31333a2261646d696e6973747261746f72223b6e616d615f6c656e676b61707c733a353a224f776e6572223b666f746f7c733a31323a22494d472d663130612e6a7067223b6c6576656c7c733a323a223031223b69645f73657373696f6e7c733a36303a2224327924313024692f54664f532e446863697045353561507737666b2e51334e59644e7a5332464f4a6c5a665148597a30635a2f617a6a334e676c61223b),
('0trjk10olt6krrafd8vdgd65t6ise8rm', '127.0.0.1', 1520043971, 0x5f5f63695f6c6173745f726567656e65726174657c693a313532303034333937313b6c6f676765645f696e7c733a31333a2261696e674c6f67696e59657568223b69647c4e3b757365726e616d657c733a31333a2261646d696e6973747261746f72223b6e616d615f6c656e676b61707c733a353a224f776e6572223b666f746f7c733a31323a22494d472d663130612e6a7067223b6c6576656c7c733a323a223031223b69645f73657373696f6e7c733a36303a2224327924313024692f54664f532e446863697045353561507737666b2e51334e59644e7a5332464f4a6c5a665148597a30635a2f617a6a334e676c61223b),
('ahv9c058h557t3nfdc6spvpmbgoarmpe', '127.0.0.1', 1520044384, 0x5f5f63695f6c6173745f726567656e65726174657c693a313532303034343338343b6c6f676765645f696e7c733a31333a2261696e674c6f67696e59657568223b69647c4e3b757365726e616d657c733a31333a2261646d696e6973747261746f72223b6e616d615f6c656e676b61707c733a353a224f776e6572223b666f746f7c733a31323a22494d472d663130612e6a7067223b6c6576656c7c733a323a223031223b69645f73657373696f6e7c733a36303a2224327924313024692f54664f532e446863697045353561507737666b2e51334e59644e7a5332464f4a6c5a665148597a30635a2f617a6a334e676c61223b),
('sm70smdmnpnrq3g4dq2udvdsll44j25s', '127.0.0.1', 1520044720, 0x5f5f63695f6c6173745f726567656e65726174657c693a313532303034343732303b6c6f676765645f696e7c733a31333a2261696e674c6f67696e59657568223b69647c4e3b757365726e616d657c733a31333a2261646d696e6973747261746f72223b6e616d615f6c656e676b61707c733a353a224f776e6572223b666f746f7c733a31323a22494d472d663130612e6a7067223b6c6576656c7c733a323a223031223b69645f73657373696f6e7c733a36303a2224327924313024692f54664f532e446863697045353561507737666b2e51334e59644e7a5332464f4a6c5a665148597a30635a2f617a6a334e676c61223b),
('c01dc6vpothvs0bj5jn86s66ccmnerl6', '127.0.0.1', 1520045197, 0x5f5f63695f6c6173745f726567656e65726174657c693a313532303034353139373b6c6f676765645f696e7c733a31333a2261696e674c6f67696e59657568223b69647c4e3b757365726e616d657c733a31333a2261646d696e6973747261746f72223b6e616d615f6c656e676b61707c733a353a224f776e6572223b666f746f7c733a31323a22494d472d663130612e6a7067223b6c6576656c7c733a323a223031223b69645f73657373696f6e7c733a36303a2224327924313024692f54664f532e446863697045353561507737666b2e51334e59644e7a5332464f4a6c5a665148597a30635a2f617a6a334e676c61223b),
('khfd6ctcdk61pfttqg1q6bp4lb231mib', '127.0.0.1', 1520045599, 0x5f5f63695f6c6173745f726567656e65726174657c693a313532303034353539393b6c6f676765645f696e7c733a31333a2261696e674c6f67696e59657568223b69647c4e3b757365726e616d657c733a31333a2261646d696e6973747261746f72223b6e616d615f6c656e676b61707c733a353a224f776e6572223b666f746f7c733a31323a22494d472d663130612e6a7067223b6c6576656c7c733a323a223031223b69645f73657373696f6e7c733a36303a2224327924313024692f54664f532e446863697045353561507737666b2e51334e59644e7a5332464f4a6c5a665148597a30635a2f617a6a334e676c61223b),
('t6mekbdh09bi9qfbm4hjp8t69bvehppd', '127.0.0.1', 1520045947, 0x5f5f63695f6c6173745f726567656e65726174657c693a313532303034353934373b6c6f676765645f696e7c733a31333a2261696e674c6f67696e59657568223b69647c4e3b757365726e616d657c733a31333a2261646d696e6973747261746f72223b6e616d615f6c656e676b61707c733a353a224f776e6572223b666f746f7c733a31323a22494d472d663130612e6a7067223b6c6576656c7c733a323a223031223b69645f73657373696f6e7c733a36303a2224327924313024692f54664f532e446863697045353561507737666b2e51334e59644e7a5332464f4a6c5a665148597a30635a2f617a6a334e676c61223b),
('kis15832f98l3jsvh5qjkr1qu1lk4ivc', '127.0.0.1', 1520046516, 0x5f5f63695f6c6173745f726567656e65726174657c693a313532303034363531363b6c6f676765645f696e7c733a31333a2261696e674c6f67696e59657568223b69647c4e3b757365726e616d657c733a31333a2261646d696e6973747261746f72223b6e616d615f6c656e676b61707c733a353a224f776e6572223b666f746f7c733a31323a22494d472d663130612e6a7067223b6c6576656c7c733a323a223031223b69645f73657373696f6e7c733a36303a2224327924313024692f54664f532e446863697045353561507737666b2e51334e59644e7a5332464f4a6c5a665148597a30635a2f617a6a334e676c61223b),
('k46760lrfnolasjsk85qr8blbti54sps', '127.0.0.1', 1520047168, 0x5f5f63695f6c6173745f726567656e65726174657c693a313532303034373136383b6c6f676765645f696e7c733a31333a2261696e674c6f67696e59657568223b69647c4e3b757365726e616d657c733a31333a2261646d696e6973747261746f72223b6e616d615f6c656e676b61707c733a353a224f776e6572223b666f746f7c733a31323a22494d472d663130612e6a7067223b6c6576656c7c733a323a223031223b69645f73657373696f6e7c733a36303a2224327924313024692f54664f532e446863697045353561507737666b2e51334e59644e7a5332464f4a6c5a665148597a30635a2f617a6a334e676c61223b),
('04b6l6saguek0lt3hhnr349ppkme3tgd', '127.0.0.1', 1520047524, 0x5f5f63695f6c6173745f726567656e65726174657c693a313532303034373532343b6c6f676765645f696e7c733a31333a2261696e674c6f67696e59657568223b69647c4e3b757365726e616d657c733a31333a2261646d696e6973747261746f72223b6e616d615f6c656e676b61707c733a353a224f776e6572223b666f746f7c733a31323a22494d472d663130612e6a7067223b6c6576656c7c733a323a223031223b69645f73657373696f6e7c733a36303a2224327924313024692f54664f532e446863697045353561507737666b2e51334e59644e7a5332464f4a6c5a665148597a30635a2f617a6a334e676c61223b),
('vkph3r0u5b62o7gsbgsvfp4sko96ua4l', '127.0.0.1', 1520048433, 0x5f5f63695f6c6173745f726567656e65726174657c693a313532303034383433333b6c6f676765645f696e7c733a31333a2261696e674c6f67696e59657568223b69647c4e3b757365726e616d657c733a31333a2261646d696e6973747261746f72223b6e616d615f6c656e676b61707c733a353a224f776e6572223b666f746f7c733a31323a22494d472d663130612e6a7067223b6c6576656c7c733a323a223031223b69645f73657373696f6e7c733a36303a2224327924313024692f54664f532e446863697045353561507737666b2e51334e59644e7a5332464f4a6c5a665148597a30635a2f617a6a334e676c61223b),
('d6epbra95ldv3sjucp0tj05flts0e99v', '127.0.0.1', 1520049230, 0x5f5f63695f6c6173745f726567656e65726174657c693a313532303034393233303b6c6f676765645f696e7c733a31333a2261696e674c6f67696e59657568223b69647c4e3b757365726e616d657c733a31333a2261646d696e6973747261746f72223b6e616d615f6c656e676b61707c733a353a224f776e6572223b666f746f7c733a31323a22494d472d663130612e6a7067223b6c6576656c7c733a323a223031223b69645f73657373696f6e7c733a36303a2224327924313024692f54664f532e446863697045353561507737666b2e51334e59644e7a5332464f4a6c5a665148597a30635a2f617a6a334e676c61223b),
('8p1rjsnf3ek5gpl97nuo4io85tof0mo8', '127.0.0.1', 1520049586, 0x5f5f63695f6c6173745f726567656e65726174657c693a313532303034393538363b6c6f676765645f696e7c733a31333a2261696e674c6f67696e59657568223b69647c4e3b757365726e616d657c733a31333a2261646d696e6973747261746f72223b6e616d615f6c656e676b61707c733a353a224f776e6572223b666f746f7c733a31323a22494d472d663130612e6a7067223b6c6576656c7c733a323a223031223b69645f73657373696f6e7c733a36303a2224327924313024692f54664f532e446863697045353561507737666b2e51334e59644e7a5332464f4a6c5a665148597a30635a2f617a6a334e676c61223b),
('8tsodo6v0ff7moor0l58hb1rn4gvl7m5', '127.0.0.1', 1520050080, 0x5f5f63695f6c6173745f726567656e65726174657c693a313532303035303038303b6c6f676765645f696e7c733a31333a2261696e674c6f67696e59657568223b69647c4e3b757365726e616d657c733a31333a2261646d696e6973747261746f72223b6e616d615f6c656e676b61707c733a353a224f776e6572223b666f746f7c733a31323a22494d472d663130612e6a7067223b6c6576656c7c733a323a223031223b69645f73657373696f6e7c733a36303a2224327924313024692f54664f532e446863697045353561507737666b2e51334e59644e7a5332464f4a6c5a665148597a30635a2f617a6a334e676c61223b),
('tmqk7pl43jesb948ki6sucgsfv51hbbq', '127.0.0.1', 1520050559, 0x5f5f63695f6c6173745f726567656e65726174657c693a313532303035303535393b6c6f676765645f696e7c733a31333a2261696e674c6f67696e59657568223b69647c4e3b757365726e616d657c733a31333a2261646d696e6973747261746f72223b6e616d615f6c656e676b61707c733a353a224f776e6572223b666f746f7c733a31323a22494d472d663130612e6a7067223b6c6576656c7c733a323a223031223b69645f73657373696f6e7c733a36303a2224327924313024692f54664f532e446863697045353561507737666b2e51334e59644e7a5332464f4a6c5a665148597a30635a2f617a6a334e676c61223b),
('90ohn70uf2p52e8kuljtm68ssa57ig6g', '127.0.0.1', 1520051363, 0x5f5f63695f6c6173745f726567656e65726174657c693a313532303035313336333b6c6f676765645f696e7c733a31333a2261696e674c6f67696e59657568223b69647c4e3b757365726e616d657c733a31333a2261646d696e6973747261746f72223b6e616d615f6c656e676b61707c733a353a224f776e6572223b666f746f7c733a31323a22494d472d663130612e6a7067223b6c6576656c7c733a323a223031223b69645f73657373696f6e7c733a36303a2224327924313024692f54664f532e446863697045353561507737666b2e51334e59644e7a5332464f4a6c5a665148597a30635a2f617a6a334e676c61223b),
('0ifu6mlbo4fcj0qevp695bg792h2v7j3', '127.0.0.1', 1520051667, 0x5f5f63695f6c6173745f726567656e65726174657c693a313532303035313636373b6c6f676765645f696e7c733a31333a2261696e674c6f67696e59657568223b69647c4e3b757365726e616d657c733a31333a2261646d696e6973747261746f72223b6e616d615f6c656e676b61707c733a353a224f776e6572223b666f746f7c733a31323a22494d472d663130612e6a7067223b6c6576656c7c733a323a223031223b69645f73657373696f6e7c733a36303a2224327924313024692f54664f532e446863697045353561507737666b2e51334e59644e7a5332464f4a6c5a665148597a30635a2f617a6a334e676c61223b),
('9jskk76qcru16ofefdrcqds77u8tp07q', '127.0.0.1', 1520051982, 0x5f5f63695f6c6173745f726567656e65726174657c693a313532303035313938323b6c6f676765645f696e7c733a31333a2261696e674c6f67696e59657568223b69647c4e3b757365726e616d657c733a31333a2261646d696e6973747261746f72223b6e616d615f6c656e676b61707c733a353a224f776e6572223b666f746f7c733a31323a22494d472d663130612e6a7067223b6c6576656c7c733a323a223031223b69645f73657373696f6e7c733a36303a2224327924313024692f54664f532e446863697045353561507737666b2e51334e59644e7a5332464f4a6c5a665148597a30635a2f617a6a334e676c61223b),
('og7i5brmi23fesl47r68o3oni9knk9j7', '127.0.0.1', 1520052283, 0x5f5f63695f6c6173745f726567656e65726174657c693a313532303035323238333b6c6f676765645f696e7c733a31333a2261696e674c6f67696e59657568223b69647c4e3b757365726e616d657c733a31333a2261646d696e6973747261746f72223b6e616d615f6c656e676b61707c733a353a224f776e6572223b666f746f7c733a31323a22494d472d663130612e6a7067223b6c6576656c7c733a323a223031223b69645f73657373696f6e7c733a36303a2224327924313024692f54664f532e446863697045353561507737666b2e51334e59644e7a5332464f4a6c5a665148597a30635a2f617a6a334e676c61223b),
('g11rvculvstnp5ntfmc9jetu0f1e7efi', '127.0.0.1', 1520052600, 0x5f5f63695f6c6173745f726567656e65726174657c693a313532303035323630303b6c6f676765645f696e7c733a31333a2261696e674c6f67696e59657568223b69647c4e3b757365726e616d657c733a31333a2261646d696e6973747261746f72223b6e616d615f6c656e676b61707c733a353a224f776e6572223b666f746f7c733a31323a22494d472d663130612e6a7067223b6c6576656c7c733a323a223031223b69645f73657373696f6e7c733a36303a2224327924313024692f54664f532e446863697045353561507737666b2e51334e59644e7a5332464f4a6c5a665148597a30635a2f617a6a334e676c61223b),
('bkua7bup73qsgke3m2qlcuc9glm9ijqg', '127.0.0.1', 1520052912, 0x5f5f63695f6c6173745f726567656e65726174657c693a313532303035323931323b6c6f676765645f696e7c733a31333a2261696e674c6f67696e59657568223b69647c4e3b757365726e616d657c733a31333a2261646d696e6973747261746f72223b6e616d615f6c656e676b61707c733a353a224f776e6572223b666f746f7c733a31323a22494d472d663130612e6a7067223b6c6576656c7c733a323a223031223b69645f73657373696f6e7c733a36303a2224327924313024692f54664f532e446863697045353561507737666b2e51334e59644e7a5332464f4a6c5a665148597a30635a2f617a6a334e676c61223b),
('dejku3ajc321fh673djo0bkok0fk1mb0', '127.0.0.1', 1520053333, 0x5f5f63695f6c6173745f726567656e65726174657c693a313532303035333333333b6c6f676765645f696e7c733a31333a2261696e674c6f67696e59657568223b69647c4e3b757365726e616d657c733a31333a2261646d696e6973747261746f72223b6e616d615f6c656e676b61707c733a353a224f776e6572223b666f746f7c733a31323a22494d472d663130612e6a7067223b6c6576656c7c733a323a223031223b69645f73657373696f6e7c733a36303a2224327924313024692f54664f532e446863697045353561507737666b2e51334e59644e7a5332464f4a6c5a665148597a30635a2f617a6a334e676c61223b),
('vda7t9v9rrdkuosp7jomv9s8ojhn6j3c', '127.0.0.1', 1520053642, 0x5f5f63695f6c6173745f726567656e65726174657c693a313532303035333634323b6c6f676765645f696e7c733a31333a2261696e674c6f67696e59657568223b69647c4e3b757365726e616d657c733a31333a2261646d696e6973747261746f72223b6e616d615f6c656e676b61707c733a353a224f776e6572223b666f746f7c733a31323a22494d472d663130612e6a7067223b6c6576656c7c733a323a223031223b69645f73657373696f6e7c733a36303a2224327924313024692f54664f532e446863697045353561507737666b2e51334e59644e7a5332464f4a6c5a665148597a30635a2f617a6a334e676c61223b),
('vrdfo2uq0i0jnkmkptjrjuteqvs9h60n', '127.0.0.1', 1520054132, 0x5f5f63695f6c6173745f726567656e65726174657c693a313532303035343133323b6c6f676765645f696e7c733a31333a2261696e674c6f67696e59657568223b69647c4e3b757365726e616d657c733a31333a2261646d696e6973747261746f72223b6e616d615f6c656e676b61707c733a353a224f776e6572223b666f746f7c733a31323a22494d472d663130612e6a7067223b6c6576656c7c733a323a223031223b69645f73657373696f6e7c733a36303a2224327924313024692f54664f532e446863697045353561507737666b2e51334e59644e7a5332464f4a6c5a665148597a30635a2f617a6a334e676c61223b),
('qemjp9ve8a4d00maqt8gor9cj4anfoh9', '127.0.0.1', 1520054473, 0x5f5f63695f6c6173745f726567656e65726174657c693a313532303035343437333b6c6f676765645f696e7c733a31333a2261696e674c6f67696e59657568223b69647c4e3b757365726e616d657c733a31333a2261646d696e6973747261746f72223b6e616d615f6c656e676b61707c733a353a224f776e6572223b666f746f7c733a31323a22494d472d663130612e6a7067223b6c6576656c7c733a323a223031223b69645f73657373696f6e7c733a36303a2224327924313024692f54664f532e446863697045353561507737666b2e51334e59644e7a5332464f4a6c5a665148597a30635a2f617a6a334e676c61223b),
('i28qs41l94sellarntq3t0uouqkk0vr4', '127.0.0.1', 1520054852, 0x5f5f63695f6c6173745f726567656e65726174657c693a313532303035343835323b6c6f676765645f696e7c733a31333a2261696e674c6f67696e59657568223b69647c4e3b757365726e616d657c733a31333a2261646d696e6973747261746f72223b6e616d615f6c656e676b61707c733a353a224f776e6572223b666f746f7c733a31323a22494d472d663130612e6a7067223b6c6576656c7c733a323a223031223b69645f73657373696f6e7c733a36303a2224327924313024692f54664f532e446863697045353561507737666b2e51334e59644e7a5332464f4a6c5a665148597a30635a2f617a6a334e676c61223b),
('p3ip2jp6q0st52vrqi6pip7aq0mobn2l', '127.0.0.1', 1520055164, 0x5f5f63695f6c6173745f726567656e65726174657c693a313532303035353136343b6c6f676765645f696e7c733a31333a2261696e674c6f67696e59657568223b69647c4e3b757365726e616d657c733a31333a2261646d696e6973747261746f72223b6e616d615f6c656e676b61707c733a353a224f776e6572223b666f746f7c733a31323a22494d472d663130612e6a7067223b6c6576656c7c733a323a223031223b69645f73657373696f6e7c733a36303a2224327924313024692f54664f532e446863697045353561507737666b2e51334e59644e7a5332464f4a6c5a665148597a30635a2f617a6a334e676c61223b),
('goikiv595apatdnr68fk5ijkbrv3er5q', '127.0.0.1', 1520055471, 0x5f5f63695f6c6173745f726567656e65726174657c693a313532303035353437313b6c6f676765645f696e7c733a31333a2261696e674c6f67696e59657568223b69647c4e3b757365726e616d657c733a31333a2261646d696e6973747261746f72223b6e616d615f6c656e676b61707c733a353a224f776e6572223b666f746f7c733a31323a22494d472d663130612e6a7067223b6c6576656c7c733a323a223031223b69645f73657373696f6e7c733a36303a2224327924313024692f54664f532e446863697045353561507737666b2e51334e59644e7a5332464f4a6c5a665148597a30635a2f617a6a334e676c61223b),
('ert1nmkihfc73fb7i9uk4da2ttjj84t5', '127.0.0.1', 1520055823, 0x5f5f63695f6c6173745f726567656e65726174657c693a313532303035353832333b6c6f676765645f696e7c733a31333a2261696e674c6f67696e59657568223b69647c4e3b757365726e616d657c733a31333a2261646d696e6973747261746f72223b6e616d615f6c656e676b61707c733a353a224f776e6572223b666f746f7c733a31323a22494d472d663130612e6a7067223b6c6576656c7c733a323a223031223b69645f73657373696f6e7c733a36303a2224327924313024692f54664f532e446863697045353561507737666b2e51334e59644e7a5332464f4a6c5a665148597a30635a2f617a6a334e676c61223b),
('vb1sp46u4ieltcnbe7pvp1hk6cbn261i', '127.0.0.1', 1520056156, 0x5f5f63695f6c6173745f726567656e65726174657c693a313532303035363135363b6c6f676765645f696e7c733a31333a2261696e674c6f67696e59657568223b69647c4e3b757365726e616d657c733a31333a2261646d696e6973747261746f72223b6e616d615f6c656e676b61707c733a353a224f776e6572223b666f746f7c733a31323a22494d472d663130612e6a7067223b6c6576656c7c733a323a223031223b69645f73657373696f6e7c733a36303a2224327924313024692f54664f532e446863697045353561507737666b2e51334e59644e7a5332464f4a6c5a665148597a30635a2f617a6a334e676c61223b),
('he3j2tdousfjspbcmnoui058f4ppasr3', '127.0.0.1', 1520056486, 0x5f5f63695f6c6173745f726567656e65726174657c693a313532303035363438363b6c6f676765645f696e7c733a31333a2261696e674c6f67696e59657568223b69647c4e3b757365726e616d657c733a31333a2261646d696e6973747261746f72223b6e616d615f6c656e676b61707c733a353a224f776e6572223b666f746f7c733a31323a22494d472d663130612e6a7067223b6c6576656c7c733a323a223031223b69645f73657373696f6e7c733a36303a2224327924313024692f54664f532e446863697045353561507737666b2e51334e59644e7a5332464f4a6c5a665148597a30635a2f617a6a334e676c61223b),
('qshhg6dbjq5espcg13aakas2dk9u56bm', '127.0.0.1', 1520056791, 0x5f5f63695f6c6173745f726567656e65726174657c693a313532303035363739313b6c6f676765645f696e7c733a31333a2261696e674c6f67696e59657568223b69647c4e3b757365726e616d657c733a31333a2261646d696e6973747261746f72223b6e616d615f6c656e676b61707c733a353a224f776e6572223b666f746f7c733a31323a22494d472d663130612e6a7067223b6c6576656c7c733a323a223031223b69645f73657373696f6e7c733a36303a2224327924313024692f54664f532e446863697045353561507737666b2e51334e59644e7a5332464f4a6c5a665148597a30635a2f617a6a334e676c61223b),
('pmpp24ru9ib4irnq6cu0lc76j46bdp7v', '127.0.0.1', 1520057110, 0x5f5f63695f6c6173745f726567656e65726174657c693a313532303035373131303b6c6f676765645f696e7c733a31333a2261696e674c6f67696e59657568223b69647c4e3b757365726e616d657c733a31333a2261646d696e6973747261746f72223b6e616d615f6c656e676b61707c733a353a224f776e6572223b666f746f7c733a31323a22494d472d663130612e6a7067223b6c6576656c7c733a323a223031223b69645f73657373696f6e7c733a36303a2224327924313024692f54664f532e446863697045353561507737666b2e51334e59644e7a5332464f4a6c5a665148597a30635a2f617a6a334e676c61223b),
('eeuq8bl5hpj8pl4k3in655nblto7ujrt', '127.0.0.1', 1520057456, 0x5f5f63695f6c6173745f726567656e65726174657c693a313532303035373435363b6c6f676765645f696e7c733a31333a2261696e674c6f67696e59657568223b69647c4e3b757365726e616d657c733a31333a2261646d696e6973747261746f72223b6e616d615f6c656e676b61707c733a353a224f776e6572223b666f746f7c733a31323a22494d472d663130612e6a7067223b6c6576656c7c733a323a223031223b69645f73657373696f6e7c733a36303a2224327924313024692f54664f532e446863697045353561507737666b2e51334e59644e7a5332464f4a6c5a665148597a30635a2f617a6a334e676c61223b);
INSERT INTO `sessions` (`id`, `ip_address`, `timestamp`, `data`) VALUES
('hf1uolfsucduibg69mam3mq49d6s2a7n', '127.0.0.1', 1520057864, 0x5f5f63695f6c6173745f726567656e65726174657c693a313532303035373836343b6c6f676765645f696e7c733a31333a2261696e674c6f67696e59657568223b69647c4e3b757365726e616d657c733a31333a2261646d696e6973747261746f72223b6e616d615f6c656e676b61707c733a353a224f776e6572223b666f746f7c733a31323a22494d472d663130612e6a7067223b6c6576656c7c733a323a223031223b69645f73657373696f6e7c733a36303a2224327924313024692f54664f532e446863697045353561507737666b2e51334e59644e7a5332464f4a6c5a665148597a30635a2f617a6a334e676c61223b),
('rlnlc8j3rbpaskfp0e6jpc3v355n79hg', '127.0.0.1', 1520058169, 0x5f5f63695f6c6173745f726567656e65726174657c693a313532303035383136393b6c6f676765645f696e7c733a31333a2261696e674c6f67696e59657568223b69647c4e3b757365726e616d657c733a31333a2261646d696e6973747261746f72223b6e616d615f6c656e676b61707c733a353a224f776e6572223b666f746f7c733a31323a22494d472d663130612e6a7067223b6c6576656c7c733a323a223031223b69645f73657373696f6e7c733a36303a2224327924313024692f54664f532e446863697045353561507737666b2e51334e59644e7a5332464f4a6c5a665148597a30635a2f617a6a334e676c61223b),
('dnn368416p64h0nn34np2nsjrop96acp', '127.0.0.1', 1520058474, 0x5f5f63695f6c6173745f726567656e65726174657c693a313532303035383437343b6c6f676765645f696e7c733a31333a2261696e674c6f67696e59657568223b69647c4e3b757365726e616d657c733a31333a2261646d696e6973747261746f72223b6e616d615f6c656e676b61707c733a353a224f776e6572223b666f746f7c733a31323a22494d472d663130612e6a7067223b6c6576656c7c733a323a223031223b69645f73657373696f6e7c733a36303a2224327924313024692f54664f532e446863697045353561507737666b2e51334e59644e7a5332464f4a6c5a665148597a30635a2f617a6a334e676c61223b),
('6q0g1ckjknimd7271dmtejrb7l7riiul', '127.0.0.1', 1520058776, 0x5f5f63695f6c6173745f726567656e65726174657c693a313532303035383737363b6c6f676765645f696e7c733a31333a2261696e674c6f67696e59657568223b69647c4e3b757365726e616d657c733a31333a2261646d696e6973747261746f72223b6e616d615f6c656e676b61707c733a353a224f776e6572223b666f746f7c733a31323a22494d472d663130612e6a7067223b6c6576656c7c733a323a223031223b69645f73657373696f6e7c733a36303a2224327924313024692f54664f532e446863697045353561507737666b2e51334e59644e7a5332464f4a6c5a665148597a30635a2f617a6a334e676c61223b),
('3eqfjc8bm2rf5q73jp6qc9sn65rmni87', '127.0.0.1', 1520059096, 0x5f5f63695f6c6173745f726567656e65726174657c693a313532303035393039363b6c6f676765645f696e7c733a31333a2261696e674c6f67696e59657568223b69647c4e3b757365726e616d657c733a31333a2261646d696e6973747261746f72223b6e616d615f6c656e676b61707c733a353a224f776e6572223b666f746f7c733a31323a22494d472d663130612e6a7067223b6c6576656c7c733a323a223031223b69645f73657373696f6e7c733a36303a2224327924313024692f54664f532e446863697045353561507737666b2e51334e59644e7a5332464f4a6c5a665148597a30635a2f617a6a334e676c61223b),
('k51eqr2ttq4qorejtdvqbdec1g9rqh4m', '127.0.0.1', 1520059453, 0x5f5f63695f6c6173745f726567656e65726174657c693a313532303035393435333b6c6f676765645f696e7c733a31333a2261696e674c6f67696e59657568223b69647c4e3b757365726e616d657c733a31333a2261646d696e6973747261746f72223b6e616d615f6c656e676b61707c733a353a224f776e6572223b666f746f7c733a31323a22494d472d663130612e6a7067223b6c6576656c7c733a323a223031223b69645f73657373696f6e7c733a36303a2224327924313024692f54664f532e446863697045353561507737666b2e51334e59644e7a5332464f4a6c5a665148597a30635a2f617a6a334e676c61223b),
('kaumauob0hq8r3762kqh380j19v2t831', '127.0.0.1', 1520059877, 0x5f5f63695f6c6173745f726567656e65726174657c693a313532303035393837373b6c6f676765645f696e7c733a31333a2261696e674c6f67696e59657568223b69647c4e3b757365726e616d657c733a363a22677564616e67223b6e616d615f6c656e676b61707c733a353a2259756e7573223b666f746f7c733a31323a226176612d363737662e706e67223b6c6576656c7c733a323a223032223b69645f73657373696f6e7c733a36303a222432792431302442635a36682f6d54512e79742f38556b72536449762e6d4b337845426b49462f4b64596f4432426e652f706a4a4d47455174586353223b),
('lj1fr87o2pa9lcno8b4ghsvg8tha686i', '127.0.0.1', 1520060446, 0x5f5f63695f6c6173745f726567656e65726174657c693a313532303036303434363b6c6f676765645f696e7c733a31333a2261696e674c6f67696e59657568223b69647c4e3b757365726e616d657c733a31333a2261646d696e6973747261746f72223b6e616d615f6c656e676b61707c733a353a224f776e6572223b666f746f7c733a31323a22494d472d663130612e6a7067223b6c6576656c7c733a323a223031223b69645f73657373696f6e7c733a36303a2224327924313024692f54664f532e446863697045353561507737666b2e51334e59644e7a5332464f4a6c5a665148597a30635a2f617a6a334e676c61223b),
('turensc3c7brdoa3173c7itpqe7v63mm', '127.0.0.1', 1520061111, 0x5f5f63695f6c6173745f726567656e65726174657c693a313532303036313131313b6c6f676765645f696e7c733a31333a2261696e674c6f67696e59657568223b69647c4e3b757365726e616d657c733a31333a2261646d696e6973747261746f72223b6e616d615f6c656e676b61707c733a353a224f776e6572223b666f746f7c733a31323a22494d472d663130612e6a7067223b6c6576656c7c733a323a223031223b746f6b6f7c733a303a22223b69645f73657373696f6e7c733a36303a2224327924313024692f54664f532e446863697045353561507737666b2e51334e59644e7a5332464f4a6c5a665148597a30635a2f617a6a334e676c61223b),
('j2v0d1jdng2n1jnhlfjhdb77n72905j6', '127.0.0.1', 1520061507, 0x5f5f63695f6c6173745f726567656e65726174657c693a313532303036313530373b6c6f676765645f696e7c733a31333a2261696e674c6f67696e59657568223b69647c4e3b757365726e616d657c733a31333a2261646d696e6973747261746f72223b6e616d615f6c656e676b61707c733a353a224f776e6572223b666f746f7c733a31323a22494d472d663130612e6a7067223b6c6576656c7c733a323a223031223b746f6b6f7c733a303a22223b69645f73657373696f6e7c733a36303a2224327924313024692f54664f532e446863697045353561507737666b2e51334e59644e7a5332464f4a6c5a665148597a30635a2f617a6a334e676c61223b),
('8mdej5iqvp0i9ai3e14ic4a0783movi7', '127.0.0.1', 1520063399, 0x5f5f63695f6c6173745f726567656e65726174657c693a313532303036333339393b6c6f676765645f696e7c733a31333a2261696e674c6f67696e59657568223b69647c4e3b757365726e616d657c733a31333a2261646d696e6973747261746f72223b6e616d615f6c656e676b61707c733a353a224f776e6572223b666f746f7c733a31323a22494d472d663130612e6a7067223b6c6576656c7c733a323a223031223b746f6b6f7c733a323a223031223b69645f73657373696f6e7c733a36303a2224327924313024692f54664f532e446863697045353561507737666b2e51334e59644e7a5332464f4a6c5a665148597a30635a2f617a6a334e676c61223b),
('5j299l4dp2dp0vd70mm8v5qcgp7p2r5t', '127.0.0.1', 1520063906, 0x5f5f63695f6c6173745f726567656e65726174657c693a313532303036333930363b6c6f676765645f696e7c733a31333a2261696e674c6f67696e59657568223b69647c4e3b757365726e616d657c733a31333a2261646d696e6973747261746f72223b6e616d615f6c656e676b61707c733a353a224f776e6572223b666f746f7c733a31323a22494d472d663130612e6a7067223b6c6576656c7c733a323a223031223b746f6b6f7c733a323a223031223b69645f73657373696f6e7c733a36303a2224327924313024692f54664f532e446863697045353561507737666b2e51334e59644e7a5332464f4a6c5a665148597a30635a2f617a6a334e676c61223b),
('vdshla8m57cbokl6kbhg8j36s1jocgcq', '127.0.0.1', 1520063592, 0x5f5f63695f6c6173745f726567656e65726174657c693a313532303036333539313b),
('5vitokoobnon2jv0301svqc13vhb0098', '127.0.0.1', 1520064233, 0x5f5f63695f6c6173745f726567656e65726174657c693a313532303036343233333b6c6f676765645f696e7c733a31333a2261696e674c6f67696e59657568223b69647c4e3b757365726e616d657c733a31333a2261646d696e6973747261746f72223b6e616d615f6c656e676b61707c733a353a224f776e6572223b666f746f7c733a31323a22494d472d663130612e6a7067223b6c6576656c7c733a323a223031223b746f6b6f7c733a323a223031223b69645f73657373696f6e7c733a36303a2224327924313024692f54664f532e446863697045353561507737666b2e51334e59644e7a5332464f4a6c5a665148597a30635a2f617a6a334e676c61223b),
('onsc5asi8bdlg17lsibt26c80u9a82dh', '127.0.0.1', 1520064728, 0x5f5f63695f6c6173745f726567656e65726174657c693a313532303036343732383b6c6f676765645f696e7c733a31333a2261696e674c6f67696e59657568223b69647c4e3b757365726e616d657c733a31333a2261646d696e6973747261746f72223b6e616d615f6c656e676b61707c733a353a224f776e6572223b666f746f7c733a31323a22494d472d663130612e6a7067223b6c6576656c7c733a323a223031223b746f6b6f7c733a323a223031223b69645f73657373696f6e7c733a36303a2224327924313024692f54664f532e446863697045353561507737666b2e51334e59644e7a5332464f4a6c5a665148597a30635a2f617a6a334e676c61223b),
('g9m8itd9sniiudjs98rf47ues7s3cps9', '127.0.0.1', 1520065141, 0x5f5f63695f6c6173745f726567656e65726174657c693a313532303036353134313b),
('221ed9ngt98td09262q9bap5ab0nlrjk', '127.0.0.1', 1520066176, 0x5f5f63695f6c6173745f726567656e65726174657c693a313532303036363137363b),
('kl32fnhar40c4g54ru10jj79ae2bvpt4', '127.0.0.1', 1520067066, 0x5f5f63695f6c6173745f726567656e65726174657c693a313532303036373036363b6c6f676765645f696e7c733a31333a2261696e674c6f67696e59657568223b69647c4e3b757365726e616d657c733a31333a2261646d696e6973747261746f72223b6e616d615f6c656e676b61707c733a353a224f776e6572223b666f746f7c733a31323a22494d472d663130612e6a7067223b6c6576656c7c733a323a223031223b746f6b6f7c733a353a2230322c3031223b69645f73657373696f6e7c733a36303a22243279243130244c504a6d526f5277445a6f6f46645164306473543275542f7675524142746e2f486c3544314c424a643978484558776b736c304d57223b),
('9kpqmdjqp8e1mdbfo0vhd0tpd0fr5uc2', '127.0.0.1', 1520067647, 0x5f5f63695f6c6173745f726567656e65726174657c693a313532303036373634373b);

-- --------------------------------------------------------

--
-- Struktur dari tabel `supplier`
--

CREATE TABLE `supplier` (
  `kode_supplier` char(5) NOT NULL DEFAULT '',
  `nama_supplier` varchar(50) NOT NULL,
  `alamat` varchar(100) NOT NULL
) ENGINE=InnoDB DEFAULT CHARSET=latin1;

--
-- Dumping data untuk tabel `supplier`
--

INSERT INTO `supplier` (`kode_supplier`, `nama_supplier`, `alamat`) VALUES
('ADD22', 'ADIDAS SHOES', 'DS. Gedangan Kebon Jeruk Bantul Yogyakarta');

-- --------------------------------------------------------

--
-- Struktur dari tabel `toko`
--

CREATE TABLE `toko` (
  `id_toko` char(2) NOT NULL,
  `toko` char(30) NOT NULL
) ENGINE=InnoDB DEFAULT CHARSET=latin1;

--
-- Dumping data untuk tabel `toko`
--

INSERT INTO `toko` (`id_toko`, `toko`) VALUES
('01', 'Jogja'),
('02', 'Solo');

--
-- Indexes for dumped tables
--

--
-- Indeks untuk tabel `admins`
--
ALTER TABLE `admins`
  ADD PRIMARY KEY (`username`);

--
-- Indeks untuk tabel `barang`
--
ALTER TABLE `barang`
  ADD PRIMARY KEY (`kode_barang`);

--
-- Indeks untuk tabel `barang1`
--
ALTER TABLE `barang1`
  ADD PRIMARY KEY (`kode_barang`);

--
-- Indeks untuk tabel `booking`
--
ALTER TABLE `booking`
  ADD PRIMARY KEY (`kodebooking`);

--
-- Indeks untuk tabel `booking1`
--
ALTER TABLE `booking1`
  ADD PRIMARY KEY (`kodebooking`);

--
-- Indeks untuk tabel `ci_sessions`
--
ALTER TABLE `ci_sessions`
  ADD PRIMARY KEY (`session_id`);

--
-- Indeks untuk tabel `config`
--
ALTER TABLE `config`
  ADD PRIMARY KEY (`id`);

--
-- Indeks untuk tabel `d_beli`
--
ALTER TABLE `d_beli`
  ADD PRIMARY KEY (`idbeli`);

--
-- Indeks untuk tabel `d_beli1`
--
ALTER TABLE `d_beli1`
  ADD PRIMARY KEY (`idbeli`);

--
-- Indeks untuk tabel `d_jual`
--
ALTER TABLE `d_jual`
  ADD PRIMARY KEY (`idjual`);

--
-- Indeks untuk tabel `d_jual1`
--
ALTER TABLE `d_jual1`
  ADD PRIMARY KEY (`idjual`);

--
-- Indeks untuk tabel `h_beli`
--
ALTER TABLE `h_beli`
  ADD PRIMARY KEY (`kodebeli`);

--
-- Indeks untuk tabel `h_beli1`
--
ALTER TABLE `h_beli1`
  ADD PRIMARY KEY (`kodebeli`);

--
-- Indeks untuk tabel `h_booking`
--
ALTER TABLE `h_booking`
  ADD PRIMARY KEY (`no`),
  ADD KEY `kodebooking` (`kodebooking`);

--
-- Indeks untuk tabel `h_booking1`
--
ALTER TABLE `h_booking1`
  ADD PRIMARY KEY (`no`),
  ADD KEY `kodebooking` (`kodebooking`);

--
-- Indeks untuk tabel `h_jual`
--
ALTER TABLE `h_jual`
  ADD PRIMARY KEY (`kodejual`);

--
-- Indeks untuk tabel `h_jual1`
--
ALTER TABLE `h_jual1`
  ADD PRIMARY KEY (`kodejual`);

--
-- Indeks untuk tabel `level`
--
ALTER TABLE `level`
  ADD PRIMARY KEY (`id_level`);

--
-- Indeks untuk tabel `pelanggan`
--
ALTER TABLE `pelanggan`
  ADD PRIMARY KEY (`kode_pelanggan`);

--
-- Indeks untuk tabel `sessions`
--
ALTER TABLE `sessions`
  ADD KEY `ci_sessions_timestamp` (`timestamp`);

--
-- Indeks untuk tabel `supplier`
--
ALTER TABLE `supplier`
  ADD PRIMARY KEY (`kode_supplier`);

--
-- Indeks untuk tabel `toko`
--
ALTER TABLE `toko`
  ADD PRIMARY KEY (`id_toko`);

--
-- AUTO_INCREMENT untuk tabel yang dibuang
--

--
-- AUTO_INCREMENT untuk tabel `d_beli`
--
ALTER TABLE `d_beli`
  MODIFY `idbeli` smallint(6) NOT NULL AUTO_INCREMENT, AUTO_INCREMENT=3;

--
-- AUTO_INCREMENT untuk tabel `d_beli1`
--
ALTER TABLE `d_beli1`
  MODIFY `idbeli` smallint(6) NOT NULL AUTO_INCREMENT, AUTO_INCREMENT=5;

--
-- AUTO_INCREMENT untuk tabel `d_jual`
--
ALTER TABLE `d_jual`
  MODIFY `idjual` smallint(6) NOT NULL AUTO_INCREMENT, AUTO_INCREMENT=3;

--
-- AUTO_INCREMENT untuk tabel `d_jual1`
--
ALTER TABLE `d_jual1`
  MODIFY `idjual` smallint(6) NOT NULL AUTO_INCREMENT, AUTO_INCREMENT=2;

--
-- AUTO_INCREMENT untuk tabel `h_booking`
--
ALTER TABLE `h_booking`
  MODIFY `no` int(11) NOT NULL AUTO_INCREMENT, AUTO_INCREMENT=2;

--
-- AUTO_INCREMENT untuk tabel `h_booking1`
--
ALTER TABLE `h_booking1`
  MODIFY `no` int(11) NOT NULL AUTO_INCREMENT, AUTO_INCREMENT=3;
COMMIT;

/*!40101 SET CHARACTER_SET_CLIENT=@OLD_CHARACTER_SET_CLIENT */;
/*!40101 SET CHARACTER_SET_RESULTS=@OLD_CHARACTER_SET_RESULTS */;
/*!40101 SET COLLATION_CONNECTION=@OLD_COLLATION_CONNECTION */;
